id;Sexo;Tempo;Segundos;Nota
1;M;00:09:27;567;20
2;M;00:09:28;568;20
3;M;00:09:29;569;20
4;M;00:09:30;570;20
5;M;00:09:31;571;20
6;M;00:09:32;572;20
7;M;00:09:33;573;20
8;M;00:09:34;574;20
9;M;00:09:35;575;20
10;M;00:09:36;576;20
11;M;00:09:37;577;20
12;M;00:09:38;578;20
13;M;00:09:39;579;20
14;M;00:09:40;580;20
15;M;00:09:41;581;20
16;M;00:09:42;582;20
17;M;00:09:43;583;20
18;M;00:09:44;584;20
19;M;00:09:45;585;20
20;M;00:09:46;586;20
21;M;00:09:47;587;20
22;M;00:09:48;588;20
23;M;00:09:49;589;20
24;M;00:09:50;590;20
25;M;00:09:51;591;20
26;M;00:09:52;592;20
27;M;00:09:53;593;20
28;M;00:09:54;594;20
29;M;00:09:55;595;20
30;M;00:09:56;596;20
31;M;00:09:57;597;20
32;M;00:09:58;598;20
33;M;00:09:59;599;20
34;M;00:10:00;600;20
35;M;00:10:01;601;19,97
36;M;00:10:02;602;19,93
37;M;00:10:03;603;19,86
38;M;00:10:04;604;19,79
39;M;00:10:05;605;19,72
40;M;00:10:06;606;19,65
41;M;00:10:07;607;19,58
42;M;00:10:08;608;19,51
43;M;00:10:09;609;19,44
44;M;00:10:10;610;19,37
45;M;00:10:11;611;19,3
46;M;00:10:12;612;19,23
47;M;00:10:13;613;19,16
48;M;00:10:14;614;19,1
49;M;00:10:15;615;19,03
50;M;00:10:16;616;18,96
51;M;00:10:17;617;18,86
52;M;00:10:18;618;18,8
53;M;00:10:19;619;18,73
54;M;00:10:20;620;18,67
55;M;00:10:21;621;18,6
56;M;00:10:22;622;18,54
57;M;00:10:23;623;18,47
58;M;00:10:24;624;18,41
59;M;00:10:25;625;18,34
60;M;00:10:26;626;18,28
61;M;00:10:27;627;18,19
62;M;00:10:28;628;18,09
63;M;00:10:29;629;18
64;M;00:10:30;630;17,91
65;M;00:10:31;631;17,82
66;M;00:10:32;632;17,72
67;M;00:10:33;633;17,63
68;M;00:10:34;634;17,57
69;M;00:10:35;635;17,51
70;M;00:10:36;636;17,45
71;M;00:10:37;637;17,4
72;M;00:10:38;638;17,34
73;M;00:10:39;639;17,28
74;M;00:10:40;640;17,22
75;M;00:10:41;641;17,16
76;M;00:10:42;642;17,1
77;M;00:10:43;643;17,05
78;M;00:10:44;644;16,99
79;M;00:10:45;645;16,93
80;M;00:10:46;646;16,88
81;M;00:10:47;647;16,82
82;M;00:10:48;648;16,77
83;M;00:10:49;649;16,71
84;M;00:10:50;650;16,65
85;M;00:10:51;651;16,6
86;M;00:10:52;652;16,54
87;M;00:10:53;653;16,49
88;M;00:10:54;654;16,44
89;M;00:10:55;655;16,38
90;M;00:10:56;656;16,33
91;M;00:10:57;657;16,27
92;M;00:10:58;658;16,22
93;M;00:10:59;659;16,17
94;M;00:11:00;660;16,12
95;M;00:11:01;661;16,06
96;M;00:11:02;662;16,01
97;M;00:11:03;663;15,96
98;M;00:11:04;664;15,91
99;M;00:11:05;665;15,86
100;M;00:11:06;666;15,81
101;M;00:11:07;667;15,75
102;M;00:11:08;668;15,7
103;M;00:11:09;669;15,65
104;M;00:11:10;670;15,6
105;M;00:11:11;671;15,55
106;M;00:11:12;672;15,5
107;M;00:11:13;673;15,45
108;M;00:11:14;674;15,4
109;M;00:11:15;675;15,36
110;M;00:11:16;676;15,31
111;M;00:11:17;677;15,26
112;M;00:11:18;678;15,21
113;M;00:11:19;679;15,16
114;M;00:11:20;680;15,11
115;M;00:11:21;681;15,07
116;M;00:11:22;682;15,02
117;M;00:11:23;683;14,97
118;M;00:11:24;684;14,93
119;M;00:11:25;685;14,88
120;M;00:11:26;686;14,83
121;M;00:11:27;687;14,79
122;M;00:11:28;688;14,74
123;M;00:11:29;689;14,69
124;M;00:11:30;690;14,65
125;M;00:11:31;691;14,6
126;M;00:11:32;692;14,56
127;M;00:11:33;693;14,51
128;M;00:11:34;694;14,47
129;M;00:11:35;695;14,42
130;M;00:11:36;696;14,38
131;M;00:11:37;697;14,33
132;M;00:11:38;698;14,29
133;M;00:11:39;699;14,25
134;M;00:11:40;700;14,2
135;M;00:11:41;701;14,16
136;M;00:11:42;702;14,12
137;M;00:11:43;703;14,07
138;M;00:11:44;704;14,03
139;M;00:11:45;705;13,99
140;M;00:11:46;706;13,95
141;M;00:11:47;707;13,9
142;M;00:11:48;708;13,86
143;M;00:11:49;709;13,82
144;M;00:11:50;710;13,78
145;M;00:11:51;711;13,74
146;M;00:11:52;712;13,7
147;M;00:11:53;713;13,65
148;M;00:11:54;714;13,63
149;M;00:11:55;715;13,61
150;M;00:11:56;716;13,58
151;M;00:11:57;717;13,56
152;M;00:11:58;718;13,53
153;M;00:11:59;719;13,51
154;M;00:12:00;720;13,48
155;M;00:12:01;721;13,46
156;M;00:12:02;722;13,43
157;M;00:12:03;723;13,41
158;M;00:12:04;724;13,39
159;M;00:12:05;725;13,36
160;M;00:12:06;726;13,34
161;M;00:12:07;727;13,32
162;M;00:12:08;728;13,29
163;M;00:12:09;729;13,27
164;M;00:12:10;730;13,25
165;M;00:12:11;731;13,22
166;M;00:12:12;732;13,2
167;M;00:12:13;733;13,18
168;M;00:12:14;734;13,15
169;M;00:12:15;735;13,13
170;M;00:12:16;736;13,11
171;M;00:12:17;737;13,08
172;M;00:12:18;738;13,06
173;M;00:12:19;739;13,04
174;M;00:12:20;740;13,02
175;M;00:12:21;741;12,99
176;M;00:12:22;742;12,97
177;M;00:12:23;743;12,95
178;M;00:12:24;744;12,93
179;M;00:12:25;745;12,9
180;M;00:12:26;746;12,88
181;M;00:12:27;747;12,86
182;M;00:12:28;748;12,84
183;M;00:12:29;749;12,82
184;M;00:12:30;750;12,79
185;M;00:12:31;751;12,77
186;M;00:12:32;752;12,75
187;M;00:12:33;753;12,73
188;M;00:12:34;754;12,71
189;M;00:12:35;755;12,69
190;M;00:12:36;756;12,66
191;M;00:12:37;757;12,64
192;M;00:12:38;758;12,62
193;M;00:12:39;759;12,6
194;M;00:12:40;760;12,58
195;M;00:12:41;761;12,56
196;M;00:12:42;762;12,54
197;M;00:12:43;763;12,52
198;M;00:12:44;764;12,5
199;M;00:12:45;765;12,48
200;M;00:12:46;766;12,45
201;M;00:12:47;767;12,43
202;M;00:12:48;768;12,41
203;M;00:12:49;769;12,39
204;M;00:12:50;770;12,37
205;M;00:12:51;771;12,35
206;M;00:12:52;772;12,33
207;M;00:12:53;773;12,31
208;M;00:12:54;774;12,29
209;M;00:12:55;775;12,27
210;M;00:12:56;776;12,25
211;M;00:12:57;777;12,23
212;M;00:12:58;778;12,21
213;M;00:12:59;779;12,19
214;M;00:13:00;780;12,17
215;M;00:13:01;781;12,15
216;M;00:13:02;782;12,13
217;M;00:13:03;783;12,11
218;M;00:13:04;784;12,09
219;M;00:13:05;785;12,07
220;M;00:13:06;786;12,05
221;M;00:13:07;787;12,04
222;M;00:13:08;788;12,02
223;M;00:13:09;789;12
224;M;00:13:10;790;11,98
225;M;00:13:11;791;11,96
226;M;00:13:12;792;11,94
227;M;00:13:13;793;11,92
228;M;00:13:14;794;11,9
229;M;00:13:15;795;11,88
230;M;00:13:16;796;11,86
231;M;00:13:17;797;11,85
232;M;00:13:18;798;11,83
233;M;00:13:19;799;11,81
234;M;00:13:20;800;11,79
235;M;00:13:21;801;11,77
236;M;00:13:22;802;11,75
237;M;00:13:23;803;11,73
238;M;00:13:24;804;11,72
239;M;00:13:25;805;11,7
240;M;00:13:26;806;11,68
241;M;00:13:27;807;11,66
242;M;00:13:28;808;11,64
243;M;00:13:29;809;11,63
244;M;00:13:30;810;11,61
245;M;00:13:31;811;11,59
246;M;00:13:32;812;11,57
247;M;00:13:33;813;11,55
248;M;00:13:34;814;11,54
249;M;00:13:35;815;11,52
250;M;00:13:36;816;11,5
251;M;00:13:37;817;11,48
252;M;00:13:38;818;11,47
253;M;00:13:39;819;11,45
254;M;00:13:40;820;11,43
255;M;00:13:41;821;11,41
256;M;00:13:42;822;11,4
257;M;00:13:43;823;11,38
258;M;00:13:44;824;11,36
259;M;00:13:45;825;11,34
260;M;00:13:46;826;11,33
261;M;00:13:47;827;11,31
262;M;00:13:48;828;11,29
263;M;00:13:49;829;11,28
264;M;00:13:50;830;11,26
265;M;00:13:51;831;11,24
266;M;00:13:52;832;11,23
267;M;00:13:53;833;11,21
268;M;00:13:54;834;11,19
269;M;00:13:55;835;11,18
270;M;00:13:56;836;11,16
271;M;00:13:57;837;11,14
272;M;00:13:58;838;11,13
273;M;00:13:59;839;11,11
274;M;00:14:00;840;11,09
275;M;00:14:01;841;11,08
276;M;00:14:02;842;11,06
277;M;00:14:03;843;11,04
278;M;00:14:04;844;11,03
279;M;00:14:05;845;11,01
280;M;00:14:06;846;11
281;M;00:14:07;847;10,98
282;M;00:14:08;848;10,96
283;M;00:14:09;849;10,95
284;M;00:14:10;850;10,93
285;M;00:14:11;851;10,92
286;M;00:14:12;852;10,9
287;M;00:14:13;853;10,88
288;M;00:14:14;854;10,87
289;M;00:14:15;855;10,85
290;M;00:14:16;856;10,84
291;M;00:14:17;857;10,82
292;M;00:14:18;858;10,81
293;M;00:14:19;859;10,79
294;M;00:14:20;860;10,77
295;M;00:14:21;861;10,76
296;M;00:14:22;862;10,74
297;M;00:14:23;863;10,73
298;M;00:14:24;864;10,71
299;M;00:14:25;865;10,7
300;M;00:14:26;866;10,68
301;M;00:14:27;867;10,67
302;M;00:14:28;868;10,65
303;M;00:14:29;869;10,64
304;M;00:14:30;870;10,62
305;M;00:14:31;871;10,61
306;M;00:14:32;872;10,59
307;M;00:14:33;873;10,58
308;M;00:14:34;874;10,56
309;M;00:14:35;875;10,55
310;M;00:14:36;876;10,53
311;M;00:14:37;877;10,52
312;M;00:14:38;878;10,5
313;M;00:14:39;879;10,49
314;M;00:14:40;880;10,47
315;M;00:14:41;881;10,46
316;M;00:14:42;882;10,45
317;M;00:14:43;883;10,43
318;M;00:14:44;884;10,42
319;M;00:14:45;885;10,4
320;M;00:14:46;886;10,39
321;M;00:14:47;887;10,37
322;M;00:14:48;888;10,36
323;M;00:14:49;889;10,34
324;M;00:14:50;890;10,33
325;M;00:14:51;891;10,32
326;M;00:14:52;892;10,3
327;M;00:14:53;893;10,29
328;M;00:14:54;894;10,27
329;M;00:14:55;895;10,26
330;M;00:14:56;896;10,25
331;M;00:14:57;897;10,23
332;M;00:14:58;898;10,22
333;M;00:14:59;899;10,2
334;M;00:15:00;900;10,19
335;M;00:15:01;901;10,18
336;M;00:15:02;902;10,16
337;M;00:15:03;903;10,15
338;M;00:15:04;904;10,13
339;M;00:15:05;905;10,12
340;M;00:15:06;906;10,11
341;M;00:15:07;907;10,09
342;M;00:15:08;908;10,08
343;M;00:15:09;909;10,07
344;M;00:15:10;910;10,05
345;M;00:15:11;911;10,04
346;M;00:15:12;912;10,03
347;M;00:15:13;913;10,01
348;M;00:15:14;914;10
349;M;00:15:15;915;9,99
350;M;00:15:16;916;9,98
351;M;00:15:17;917;9,97
352;M;00:15:18;918;9,95
353;M;00:15:19;919;9,94
354;M;00:15:20;920;9,93
355;M;00:15:21;921;9,92
356;M;00:15:22;922;9,91
357;M;00:15:23;923;9,9
358;M;00:15:24;924;9,89
359;M;00:15:25;925;9,88
360;M;00:15:26;926;9,86
361;M;00:15:27;927;9,85
362;M;00:15:28;928;9,84
363;M;00:15:29;929;9,83
364;M;00:15:30;930;9,82
365;M;00:15:31;931;9,81
366;M;00:15:32;932;9,8
367;M;00:15:33;933;9,79
368;M;00:15:34;934;9,78
369;M;00:15:35;935;9,76
370;M;00:15:36;936;9,75
371;M;00:15:37;937;9,74
372;M;00:15:38;938;9,73
373;M;00:15:39;939;9,72
374;M;00:15:40;940;9,71
375;M;00:15:41;941;9,7
376;M;00:15:42;942;9,69
377;M;00:15:43;943;9,68
378;M;00:15:44;944;9,67
379;M;00:15:45;945;9,66
380;M;00:15:46;946;9,65
381;M;00:15:47;947;9,63
382;M;00:15:48;948;9,62
383;M;00:15:49;949;9,61
384;M;00:15:50;950;9,6
385;M;00:15:51;951;9,59
386;M;00:15:52;952;9,58
387;M;00:15:53;953;9,57
388;M;00:15:54;954;9,56
389;M;00:15:55;955;9,55
390;M;00:15:56;956;9,54
391;M;00:15:57;957;9,53
392;M;00:15:58;958;9,52
393;M;00:15:59;959;9,51
394;M;00:16:00;960;9,5
395;M;00:16:01;961;9,49
396;M;00:16:02;962;9,48
397;M;00:16:03;963;9,47
398;M;00:16:04;964;9,46
399;M;00:16:05;965;9,45
400;M;00:16:06;966;9,44
401;M;00:16:07;967;9,43
402;M;00:16:08;968;9,42
403;M;00:16:09;969;9,41
404;M;00:16:10;970;9,4
405;M;00:16:11;971;9,39
406;M;00:16:12;972;9,38
407;M;00:16:13;973;9,36
408;M;00:16:14;974;9,35
409;M;00:16:15;975;9,34
410;M;00:16:16;976;9,33
411;M;00:16:17;977;9,32
412;M;00:16:18;978;9,31
413;M;00:16:19;979;9,3
414;M;00:16:20;980;9,29
415;M;00:16:21;981;9,28
416;M;00:16:22;982;9,27
417;M;00:16:23;983;9,26
418;M;00:16:24;984;9,25
419;M;00:16:25;985;9,24
420;M;00:16:26;986;9,23
421;M;00:16:27;987;9,22
422;M;00:16:28;988;9,21
423;M;00:16:29;989;9,2
424;M;00:16:30;990;9,19
425;M;00:16:31;991;9,18
426;M;00:16:32;992;9,17
427;M;00:16:33;993;9,16
428;M;00:16:34;994;9,15
429;M;00:16:35;995;9,14
430;M;00:16:36;996;9,13
431;M;00:16:37;997;9,12
432;M;00:16:38;998;9,11
433;M;00:16:39;999;9,1
434;M;00:16:40;1000;9,09
435;M;00:16:41;1001;9,08
436;M;00:16:42;1002;9,07
437;M;00:16:43;1003;9,06
438;M;00:16:44;1004;9,05
439;M;00:16:45;1005;9,04
440;M;00:16:46;1006;9,03
441;M;00:16:47;1007;9,02
442;M;00:16:48;1008;9,01
443;M;00:16:49;1009;9
444;M;00:16:50;1010;8,99
445;M;00:16:51;1011;8,98
446;M;00:16:52;1012;8,97
447;M;00:16:53;1013;8,96
448;M;00:16:54;1014;8,95
449;M;00:16:55;1015;8,94
450;M;00:16:56;1016;8,93
451;M;00:16:57;1017;8,92
452;M;00:16:58;1018;8,91
453;M;00:16:59;1019;8,9
454;M;00:17:00;1020;8,89
455;M;00:17:01;1021;8,88
456;M;00:17:02;1022;8,87
457;M;00:17:03;1023;8,86
458;M;00:17:04;1024;8,85
459;M;00:17:05;1025;8,84
460;M;00:17:06;1026;8,83
461;M;00:17:07;1027;8,82
462;M;00:17:08;1028;8,81
463;M;00:17:09;1029;8,8
464;M;00:17:10;1030;8,79
465;M;00:17:11;1031;8,78
466;M;00:17:12;1032;8,77
467;M;00:17:13;1033;8,76
468;M;00:17:14;1034;8,75
469;M;00:17:15;1035;8,74
470;M;00:17:16;1036;8,73
471;M;00:17:17;1037;8,72
472;M;00:17:18;1038;8,71
473;M;00:17:19;1039;8,7
474;M;00:17:20;1040;8,69
475;M;00:17:21;1041;8,68
476;M;00:17:22;1042;8,67
477;M;00:17:23;1043;8,66
478;M;00:17:24;1044;8,65
479;M;00:17:25;1045;8,64
480;M;00:17:26;1046;8,63
481;M;00:17:27;1047;8,62
482;M;00:17:28;1048;8,61
483;M;00:17:29;1049;8,6
484;M;00:17:30;1050;8,59
485;M;00:17:31;1051;8,58
486;M;00:17:32;1052;8,57
487;M;00:17:33;1053;8,56
488;M;00:17:34;1054;8,55
489;M;00:17:35;1055;8,54
490;M;00:17:36;1056;8,53
491;M;00:17:37;1057;8,52
492;M;00:17:38;1058;8,51
493;M;00:17:39;1059;8,5
494;M;00:17:40;1060;8,49
495;M;00:17:41;1061;8,48
496;M;00:17:42;1062;8,47
497;M;00:17:43;1063;8,46
498;M;00:17:44;1064;8,45
499;M;00:17:45;1065;8,44
500;M;00:17:46;1066;8,43
501;M;00:17:47;1067;8,42
502;M;00:17:48;1068;8,41
503;M;00:17:49;1069;8,4
504;M;00:17:50;1070;8,39
505;M;00:17:51;1071;8,38
506;M;00:17:52;1072;8,37
507;M;00:17:53;1073;8,36
508;M;00:17:54;1074;8,35
509;M;00:17:55;1075;8,34
510;M;00:17:56;1076;8,33
511;M;00:17:57;1077;8,32
512;M;00:17:58;1078;8,31
513;M;00:17:59;1079;8,3
514;M;00:18:00;1080;8,29
515;M;00:18:01;1081;8,28
516;M;00:18:02;1082;8,27
517;M;00:18:03;1083;8,26
518;M;00:18:04;1084;8,25
519;M;00:18:05;1085;8,24
520;M;00:18:06;1086;8,23
521;M;00:18:07;1087;8,22
522;M;00:18:08;1088;8,21
523;M;00:18:09;1089;8,2
524;M;00:18:10;1090;8,19
525;M;00:18:11;1091;8,18
526;M;00:18:12;1092;8,17
527;M;00:18:13;1093;8,16
528;M;00:18:14;1094;8,15
529;M;00:18:15;1095;8,14
530;M;00:18:16;1096;8,13
531;M;00:18:17;1097;8,12
532;M;00:18:18;1098;8,11
533;M;00:18:19;1099;8,1
534;M;00:18:20;1100;8,09
535;M;00:18:21;1101;8,08
536;M;00:18:22;1102;8,07
537;M;00:18:23;1103;8,06
538;M;00:18:24;1104;8,05
539;M;00:18:25;1105;8,04
540;M;00:18:26;1106;8,03
541;M;00:18:27;1107;8,02
542;M;00:18:28;1108;8,01
543;M;00:18:29;1109;8
544;M;00:18:30;1110;7,99
545;M;00:18:31;1111;7,98
546;M;00:18:32;1112;7,97
547;M;00:18:33;1113;7,96
548;M;00:18:34;1114;7,95
549;M;00:18:35;1115;7,94
550;M;00:18:36;1116;7,93
551;M;00:18:37;1117;7,92
552;M;00:18:38;1118;7,91
553;M;00:18:39;1119;7,9
554;M;00:18:40;1120;7,89
555;M;00:18:41;1121;7,88
556;M;00:18:42;1122;7,87
557;M;00:18:43;1123;7,86
558;M;00:18:44;1124;7,85
559;M;00:18:45;1125;7,84
560;M;00:18:46;1126;7,83
561;M;00:18:47;1127;7,82
562;M;00:18:48;1128;7,81
563;M;00:18:49;1129;7,8
564;M;00:18:50;1130;7,79
565;M;00:18:51;1131;7,78
566;M;00:18:52;1132;7,77
567;M;00:18:53;1133;7,76
568;M;00:18:54;1134;7,75
569;M;00:18:55;1135;7,74
570;M;00:18:56;1136;7,73
571;M;00:18:57;1137;7,72
572;M;00:18:58;1138;7,71
573;M;00:18:59;1139;7,7
574;M;00:19:00;1140;7,69
575;M;00:19:01;1141;7,68
576;M;00:19:02;1142;7,67
577;M;00:19:03;1143;7,66
578;M;00:19:04;1144;7,65
579;M;00:19:05;1145;7,64
580;M;00:19:06;1146;7,63
581;M;00:19:07;1147;7,62
582;M;00:19:08;1148;7,61
583;M;00:19:09;1149;7,6
584;M;00:19:10;1150;7,59
585;M;00:19:11;1151;7,58
586;M;00:19:12;1152;7,57
587;M;00:19:13;1153;7,56
588;M;00:19:14;1154;7,55
589;M;00:19:15;1155;7,54
590;M;00:19:16;1156;7,53
591;M;00:19:17;1157;7,52
592;M;00:19:18;1158;7,51
593;M;00:19:19;1159;7,5
594;M;00:19:20;1160;7,49
595;M;00:19:21;1161;7,48
596;M;00:19:22;1162;7,47
597;M;00:19:23;1163;7,46
598;M;00:19:24;1164;7,45
599;M;00:19:25;1165;7,44
600;M;00:19:26;1166;7,43
601;M;00:19:27;1167;7,42
602;M;00:19:28;1168;7,41
603;M;00:19:29;1169;7,4
604;M;00:19:30;1170;7,39
605;M;00:19:31;1171;7,38
606;M;00:19:32;1172;7,37
607;M;00:19:33;1173;7,36
608;M;00:19:34;1174;7,35
609;M;00:19:35;1175;7,34
610;M;00:19:36;1176;7,33
611;M;00:19:37;1177;7,32
612;M;00:19:38;1178;7,31
613;M;00:19:39;1179;7,3
614;M;00:19:40;1180;7,29
615;M;00:19:41;1181;7,28
616;M;00:19:42;1182;7,27
617;M;00:19:43;1183;7,26
618;M;00:19:44;1184;7,25
619;M;00:19:45;1185;7,24
620;M;00:19:46;1186;7,23
621;M;00:19:47;1187;7,22
622;M;00:19:48;1188;7,21
623;M;00:19:49;1189;7,2
624;M;00:19:50;1190;7,19
625;M;00:19:51;1191;7,18
626;M;00:19:52;1192;7,17
627;M;00:19:53;1193;7,16
628;M;00:19:54;1194;7,15
629;M;00:19:55;1195;7,14
630;M;00:19:56;1196;7,13
631;M;00:19:57;1197;7,12
632;M;00:19:58;1198;7,11
633;M;00:19:59;1199;7,1
634;M;00:20:00;1200;7,09
635;M;00:20:01;1201;7,08
636;M;00:20:02;1202;7,07
637;M;00:20:03;1203;7,06
638;M;00:20:04;1204;7,05
639;M;00:20:05;1205;7,04
640;M;00:20:06;1206;7,03
641;M;00:20:07;1207;7,02
642;M;00:20:08;1208;7,01
643;M;00:20:09;1209;7
644;M;00:20:10;1210;6,99
645;M;00:20:11;1211;6,98
646;M;00:20:12;1212;6,97
647;M;00:20:13;1213;6,96
648;M;00:20:14;1214;6,95
649;M;00:20:15;1215;6,94
650;M;00:20:16;1216;6,93
651;M;00:20:17;1217;6,92
652;M;00:20:18;1218;6,91
653;M;00:20:19;1219;6,9
654;M;00:20:20;1220;6,89
655;M;00:20:21;1221;6,88
656;M;00:20:22;1222;6,87
657;M;00:20:23;1223;6,86
658;M;00:20:24;1224;6,85
659;M;00:20:25;1225;6,84
660;M;00:20:26;1226;6,83
661;M;00:20:27;1227;6,82
662;M;00:20:28;1228;6,81
663;M;00:20:29;1229;6,8
664;M;00:20:30;1230;6,79
665;M;00:20:31;1231;6,78
666;M;00:20:32;1232;6,77
667;M;00:20:33;1233;6,76
668;M;00:20:34;1234;6,75
669;M;00:20:35;1235;6,74
670;M;00:20:36;1236;6,73
671;M;00:20:37;1237;6,72
672;M;00:20:38;1238;6,71
673;M;00:20:39;1239;6,7
674;M;00:20:40;1240;6,69
675;M;00:20:41;1241;6,68
676;M;00:20:42;1242;6,67
677;M;00:20:43;1243;6,66
678;M;00:20:44;1244;6,65
679;M;00:20:45;1245;6,64
680;M;00:20:46;1246;6,63
681;M;00:20:47;1247;6,62
682;M;00:20:48;1248;6,61
683;M;00:20:49;1249;6,6
684;M;00:20:50;1250;6,59
685;M;00:20:51;1251;6,58
686;M;00:20:52;1252;6,57
687;M;00:20:53;1253;6,56
688;M;00:20:54;1254;6,55
689;M;00:20:55;1255;6,54
690;M;00:20:56;1256;6,53
691;M;00:20:57;1257;6,52
692;M;00:20:58;1258;6,51
693;M;00:20:59;1259;6,5
694;M;00:21:00;1260;6,49
695;M;00:21:01;1261;6,48
696;M;00:21:02;1262;6,47
697;M;00:21:03;1263;6,46
698;M;00:21:04;1264;6,45
699;M;00:21:05;1265;6,44
700;M;00:21:06;1266;6,43
701;M;00:21:07;1267;6,42
702;M;00:21:08;1268;6,41
703;M;00:21:09;1269;6,4
704;M;00:21:10;1270;6,39
705;M;00:21:11;1271;6,38
706;M;00:21:12;1272;6,37
707;M;00:21:13;1273;6,36
708;M;00:21:14;1274;6,35
709;M;00:21:15;1275;6,34
710;M;00:21:16;1276;6,33
711;M;00:21:17;1277;6,32
712;M;00:21:18;1278;6,31
713;M;00:21:19;1279;6,3
714;M;00:21:20;1280;6,29
715;M;00:21:21;1281;6,28
716;M;00:21:22;1282;6,27
717;M;00:21:23;1283;6,26
718;M;00:21:24;1284;6,25
719;M;00:21:25;1285;6,24
720;M;00:21:26;1286;6,23
721;M;00:21:27;1287;6,22
722;M;00:21:28;1288;6,21
723;M;00:21:29;1289;6,2
724;M;00:21:30;1290;6,19
725;M;00:21:31;1291;6,18
726;M;00:21:32;1292;6,17
727;M;00:21:33;1293;6,16
728;M;00:21:34;1294;6,15
729;M;00:21:35;1295;6,14
730;M;00:21:36;1296;6,13
731;M;00:21:37;1297;6,12
732;M;00:21:38;1298;6,11
733;M;00:21:39;1299;6,1
734;M;00:21:40;1300;6,09
735;M;00:21:41;1301;6,08
736;M;00:21:42;1302;6,07
737;M;00:21:43;1303;6,06
738;M;00:21:44;1304;6,05
739;M;00:21:45;1305;6,04
740;M;00:21:46;1306;6,03
741;M;00:21:47;1307;6,02
742;M;00:21:48;1308;6,01
743;M;00:21:49;1309;6
744;M;00:21:50;1310;5,99
745;M;00:21:51;1311;5,98
746;M;00:21:52;1312;5,97
747;M;00:21:53;1313;5,96
748;M;00:21:54;1314;5,95
749;M;00:21:55;1315;5,94
750;M;00:21:56;1316;5,93
751;M;00:21:57;1317;5,92
752;M;00:21:58;1318;5,91
753;M;00:21:59;1319;5,9
754;M;00:22:00;1320;5,89
755;M;00:22:01;1321;5,88
756;M;00:22:02;1322;5,87
757;M;00:22:03;1323;5,86
758;M;00:22:04;1324;5,85
759;M;00:22:05;1325;5,84
760;M;00:22:06;1326;5,83
761;M;00:22:07;1327;5,82
762;M;00:22:08;1328;5,81
763;M;00:22:09;1329;5,8
764;M;00:22:10;1330;5,79
765;M;00:22:11;1331;5,78
766;M;00:22:12;1332;5,77
767;M;00:22:13;1333;5,76
768;M;00:22:14;1334;5,75
769;M;00:22:15;1335;5,74
770;M;00:22:16;1336;5,73
771;M;00:22:17;1337;5,72
772;M;00:22:18;1338;5,71
773;M;00:22:19;1339;5,7
774;M;00:22:20;1340;5,69
775;M;00:22:21;1341;5,68
776;M;00:22:22;1342;5,67
777;M;00:22:23;1343;5,66
778;M;00:22:24;1344;5,65
779;M;00:22:25;1345;5,64
780;M;00:22:26;1346;5,63
781;M;00:22:27;1347;5,62
782;M;00:22:28;1348;5,61
783;M;00:22:29;1349;5,6
784;M;00:22:30;1350;5,59
785;M;00:22:31;1351;5,58
786;M;00:22:32;1352;5,57
787;M;00:22:33;1353;5,56
788;M;00:22:34;1354;5,55
789;M;00:22:35;1355;5,54
790;M;00:22:36;1356;5,53
791;M;00:22:37;1357;5,52
792;M;00:22:38;1358;5,51
793;M;00:22:39;1359;5,5
794;M;00:22:40;1360;5,49
795;M;00:22:41;1361;5,48
796;M;00:22:42;1362;5,47
797;M;00:22:43;1363;5,46
798;M;00:22:44;1364;5,45
799;M;00:22:45;1365;5,44
800;M;00:22:46;1366;5,43
801;M;00:22:47;1367;5,42
802;M;00:22:48;1368;5,41
803;M;00:22:49;1369;5,4
804;M;00:22:50;1370;5,39
805;M;00:22:51;1371;5,38
806;M;00:22:52;1372;5,37
807;M;00:22:53;1373;5,36
808;M;00:22:54;1374;5,35
809;M;00:22:55;1375;5,34
810;M;00:22:56;1376;5,33
811;M;00:22:57;1377;5,32
812;M;00:22:58;1378;5,31
813;M;00:22:59;1379;5,3
814;M;00:23:00;1380;5,29
815;M;00:23:01;1381;5,28
816;M;00:23:02;1382;5,27
817;M;00:23:03;1383;5,26
818;M;00:23:04;1384;5,25
819;M;00:23:05;1385;5,24
820;M;00:23:06;1386;5,23
821;M;00:23:07;1387;5,22
822;M;00:23:08;1388;5,21
823;M;00:23:09;1389;5,2
824;M;00:23:10;1390;5,19
825;M;00:23:11;1391;5,18
826;M;00:23:12;1392;5,17
827;M;00:23:13;1393;5,16
828;M;00:23:14;1394;5,15
829;M;00:23:15;1395;5,14
830;M;00:23:16;1396;5,13
831;M;00:23:17;1397;5,12
832;M;00:23:18;1398;5,11
833;M;00:23:19;1399;5,1
834;M;00:23:20;1400;5,09
835;M;00:23:21;1401;5,08
836;M;00:23:22;1402;5,07
837;M;00:23:23;1403;5,06
838;M;00:23:24;1404;5,05
839;M;00:23:25;1405;5,04
840;M;00:23:26;1406;5,03
841;M;00:23:27;1407;5,02
842;M;00:23:28;1408;5,01
843;M;00:23:29;1409;5
844;M;00:23:30;1410;4,99
845;M;00:23:31;1411;4,98
846;M;00:23:32;1412;4,97
847;M;00:23:33;1413;4,96
848;M;00:23:34;1414;4,95
849;M;00:23:35;1415;4,94
850;M;00:23:36;1416;4,93
851;M;00:23:37;1417;4,92
852;M;00:23:38;1418;4,91
853;M;00:23:39;1419;4,9
854;M;00:23:40;1420;4,89
855;M;00:23:41;1421;4,88
856;M;00:23:42;1422;4,87
857;M;00:23:43;1423;4,86
858;M;00:23:44;1424;4,85
859;M;00:23:45;1425;4,84
860;M;00:23:46;1426;4,83
861;M;00:23:47;1427;4,82
862;M;00:23:48;1428;4,81
863;M;00:23:49;1429;4,8
864;M;00:23:50;1430;4,79
865;M;00:23:51;1431;4,78
866;M;00:23:52;1432;4,77
867;M;00:23:53;1433;4,76
868;M;00:23:54;1434;4,75
869;M;00:23:55;1435;4,74
870;M;00:23:56;1436;4,73
871;M;00:23:57;1437;4,72
872;M;00:23:58;1438;4,71
873;M;00:23:59;1439;4,7
874;M;00:24:00;1440;4,69
875;M;00:24:01;1441;4,68
876;M;00:24:02;1442;4,67
877;M;00:24:03;1443;4,66
878;M;00:24:04;1444;4,65
879;M;00:24:05;1445;4,64
880;M;00:24:06;1446;4,63
881;M;00:24:07;1447;4,62
882;M;00:24:08;1448;4,61
883;M;00:24:09;1449;4,6
884;M;00:24:10;1450;4,59
885;M;00:24:11;1451;4,58
886;M;00:24:12;1452;4,57
887;M;00:24:13;1453;4,56
888;M;00:24:14;1454;4,55
889;M;00:24:15;1455;4,54
890;M;00:24:16;1456;4,53
891;M;00:24:17;1457;4,52
892;M;00:24:18;1458;4,51
893;M;00:24:19;1459;4,5
894;M;00:24:20;1460;4,49
895;M;00:24:21;1461;4,48
896;M;00:24:22;1462;4,47
897;M;00:24:23;1463;4,46
898;M;00:24:24;1464;4,45
899;M;00:24:25;1465;4,44
900;M;00:24:26;1466;4,43
901;M;00:24:27;1467;4,42
902;M;00:24:28;1468;4,41
903;M;00:24:29;1469;4,4
904;M;00:24:30;1470;4,39
905;M;00:24:31;1471;4,38
906;M;00:24:32;1472;4,37
907;M;00:24:33;1473;4,36
908;M;00:24:34;1474;4,35
909;M;00:24:35;1475;4,34
910;M;00:24:36;1476;4,33
911;M;00:24:37;1477;4,32
912;M;00:24:38;1478;4,31
913;M;00:24:39;1479;4,3
914;M;00:24:40;1480;4,29
915;M;00:24:41;1481;4,28
916;M;00:24:42;1482;4,27
917;M;00:24:43;1483;4,26
918;M;00:24:44;1484;4,25
919;M;00:24:45;1485;4,24
920;M;00:24:46;1486;4,23
921;M;00:24:47;1487;4,22
922;M;00:24:48;1488;4,21
923;M;00:24:49;1489;4,2
924;M;00:24:50;1490;4,19
925;M;00:24:51;1491;4,18
926;M;00:24:52;1492;4,17
927;M;00:24:53;1493;4,16
928;M;00:24:54;1494;4,15
929;M;00:24:55;1495;4,14
930;M;00:24:56;1496;4,13
931;M;00:24:57;1497;4,12
932;M;00:24:58;1498;4,11
933;M;00:24:59;1499;4,1
934;M;00:25:00;1500;4,09
935;M;00:25:01;1501;4,08
936;M;00:25:02;1502;4,07
937;M;00:25:03;1503;4,06
938;M;00:25:04;1504;4,05
939;M;00:25:05;1505;4,04
940;M;00:25:06;1506;4,03
941;M;00:25:07;1507;4,02
942;M;00:25:08;1508;4,01
943;M;00:25:09;1509;4
944;M;00:25:10;1510;3,99
945;M;00:25:11;1511;3,98
946;M;00:25:12;1512;3,97
947;M;00:25:13;1513;3,96
948;M;00:25:14;1514;3,95
949;M;00:25:15;1515;3,94
950;M;00:25:16;1516;3,93
951;M;00:25:17;1517;3,92
952;M;00:25:18;1518;3,91
953;M;00:25:19;1519;3,9
954;M;00:25:20;1520;3,89
955;M;00:25:21;1521;3,88
956;M;00:25:22;1522;3,87
957;M;00:25:23;1523;3,86
958;M;00:25:24;1524;3,85
959;M;00:25:25;1525;3,84
960;M;00:25:26;1526;3,83
961;M;00:25:27;1527;3,82
962;M;00:25:28;1528;3,81
963;M;00:25:29;1529;3,8
964;M;00:25:30;1530;3,79
965;M;00:25:31;1531;3,78
966;M;00:25:32;1532;3,77
967;M;00:25:33;1533;3,76
968;M;00:25:34;1534;3,75
969;M;00:25:35;1535;3,74
970;M;00:25:36;1536;3,73
971;M;00:25:37;1537;3,72
972;M;00:25:38;1538;3,71
973;M;00:25:39;1539;3,7
974;M;00:25:40;1540;3,69
975;M;00:25:41;1541;3,68
976;M;00:25:42;1542;3,67
977;M;00:25:43;1543;3,66
978;M;00:25:44;1544;3,65
979;M;00:25:45;1545;3,64
980;M;00:25:46;1546;3,63
981;M;00:25:47;1547;3,62
982;M;00:25:48;1548;3,61
983;M;00:25:49;1549;3,6
984;M;00:25:50;1550;3,59
985;M;00:25:51;1551;3,58
986;M;00:25:52;1552;3,57
987;M;00:25:53;1553;3,56
988;M;00:25:54;1554;3,55
989;M;00:25:55;1555;3,54
990;M;00:25:56;1556;3,53
991;M;00:25:57;1557;3,52
992;M;00:25:58;1558;3,51
993;M;00:25:59;1559;3,5
994;M;00:26:00;1560;3,49
995;M;00:26:01;1561;3,48
996;M;00:26:02;1562;3,47
997;M;00:26:03;1563;3,46
998;M;00:26:04;1564;3,45
999;M;00:26:05;1565;3,44
1000;M;00:26:06;1566;3,43
1001;M;00:26:07;1567;3,42
1002;M;00:26:08;1568;3,41
1003;M;00:26:09;1569;3,4
1004;M;00:26:10;1570;3,39
1005;M;00:26:11;1571;3,38
1006;M;00:26:12;1572;3,37
1007;M;00:26:13;1573;3,36
1008;M;00:26:14;1574;3,35
1009;M;00:26:15;1575;3,34
1010;M;00:26:16;1576;3,33
1011;M;00:26:17;1577;3,32
1012;M;00:26:18;1578;3,31
1013;M;00:26:19;1579;3,3
1014;M;00:26:20;1580;3,29
1015;M;00:26:21;1581;3,28
1016;M;00:26:22;1582;3,27
1017;M;00:26:23;1583;3,26
1018;M;00:26:24;1584;3,25
1019;M;00:26:25;1585;3,24
1020;M;00:26:26;1586;3,23
1021;M;00:26:27;1587;3,22
1022;M;00:26:28;1588;3,21
1023;M;00:26:29;1589;3,2
1024;M;00:26:30;1590;3,19
1025;M;00:26:31;1591;3,18
1026;M;00:26:32;1592;3,17
1027;M;00:26:33;1593;3,16
1028;M;00:26:34;1594;3,15
1029;M;00:26:35;1595;3,14
1030;M;00:26:36;1596;3,13
1031;M;00:26:37;1597;3,12
1032;M;00:26:38;1598;3,11
1033;M;00:26:39;1599;3,1
1034;M;00:26:40;1600;3,09
1035;M;00:26:41;1601;3,08
1036;M;00:26:42;1602;3,07
1037;M;00:26:43;1603;3,06
1038;M;00:26:44;1604;3,05
1039;M;00:26:45;1605;3,04
1040;M;00:26:46;1606;3,03
1041;M;00:26:47;1607;3,02
1042;M;00:26:48;1608;3,01
1043;M;00:26:49;1609;3
1044;M;00:26:50;1610;2,99
1045;M;00:26:51;1611;2,98
1046;M;00:26:52;1612;2,97
1047;M;00:26:53;1613;2,96
1048;M;00:26:54;1614;2,95
1049;M;00:26:55;1615;2,94
1050;M;00:26:56;1616;2,93
1051;M;00:26:57;1617;2,92
1052;M;00:26:58;1618;2,91
1053;M;00:26:59;1619;2,9
1054;M;00:27:00;1620;2,89
1055;M;00:27:01;1621;2,88
1056;M;00:27:02;1622;2,87
1057;M;00:27:03;1623;2,86
1058;M;00:27:04;1624;2,85
1059;M;00:27:05;1625;2,84
1060;M;00:27:06;1626;2,83
1061;M;00:27:07;1627;2,82
1062;M;00:27:08;1628;2,81
1063;M;00:27:09;1629;2,8
1064;M;00:27:10;1630;2,79
1065;M;00:27:11;1631;2,78
1066;M;00:27:12;1632;2,77
1067;M;00:27:13;1633;2,76
1068;M;00:27:14;1634;2,75
1069;M;00:27:15;1635;2,74
1070;M;00:27:16;1636;2,73
1071;M;00:27:17;1637;2,72
1072;M;00:27:18;1638;2,71
1073;M;00:27:19;1639;2,7
1074;M;00:27:20;1640;2,69
1075;M;00:27:21;1641;2,68
1076;M;00:27:22;1642;2,67
1077;M;00:27:23;1643;2,66
1078;M;00:27:24;1644;2,65
1079;M;00:27:25;1645;2,64
1080;M;00:27:26;1646;2,63
1081;M;00:27:27;1647;2,62
1082;M;00:27:28;1648;2,61
1083;M;00:27:29;1649;2,6
1084;M;00:27:30;1650;2,59
1085;M;00:27:31;1651;2,58
1086;M;00:27:32;1652;2,57
1087;M;00:27:33;1653;2,56
1088;M;00:27:34;1654;2,55
1089;M;00:27:35;1655;2,54
1090;M;00:27:36;1656;2,53
1091;M;00:27:37;1657;2,52
1092;M;00:27:38;1658;2,51
1093;M;00:27:39;1659;2,5
1094;M;00:27:40;1660;2,49
1095;M;00:27:41;1661;2,48
1096;M;00:27:42;1662;2,47
1097;M;00:27:43;1663;2,46
1098;M;00:27:44;1664;2,45
1099;M;00:27:45;1665;2,44
1100;M;00:27:46;1666;2,43
1101;M;00:27:47;1667;2,42
1102;M;00:27:48;1668;2,41
1103;M;00:27:49;1669;2,4
1104;M;00:27:50;1670;2,39
1105;M;00:27:51;1671;2,38
1106;M;00:27:52;1672;2,37
1107;M;00:27:53;1673;2,36
1108;M;00:27:54;1674;2,35
1109;M;00:27:55;1675;2,34
1110;M;00:27:56;1676;2,33
1111;M;00:27:57;1677;2,32
1112;M;00:27:58;1678;2,31
1113;M;00:27:59;1679;2,3
1114;M;00:28:00;1680;2,29
1115;M;00:28:01;1681;2,28
1116;M;00:28:02;1682;2,27
1117;M;00:28:03;1683;2,26
1118;M;00:28:04;1684;2,25
1119;M;00:28:05;1685;2,24
1120;M;00:28:06;1686;2,23
1121;M;00:28:07;1687;2,22
1122;M;00:28:08;1688;2,21
1123;M;00:28:09;1689;2,2
1124;M;00:28:10;1690;2,19
1125;M;00:28:11;1691;2,18
1126;M;00:28:12;1692;2,17
1127;M;00:28:13;1693;2,16
1128;M;00:28:14;1694;2,15
1129;M;00:28:15;1695;2,14
1130;M;00:28:16;1696;2,13
1131;M;00:28:17;1697;2,12
1132;M;00:28:18;1698;2,11
1133;M;00:28:19;1699;2,1
1134;M;00:28:20;1700;2,09
1135;M;00:28:21;1701;2,08
1136;M;00:28:22;1702;2,07
1137;M;00:28:23;1703;2,06
1138;M;00:28:24;1704;2,05
1139;M;00:28:25;1705;2,04
1140;M;00:28:26;1706;2,03
1141;M;00:28:27;1707;2,02
1142;M;00:28:28;1708;2,01
1143;M;00:28:29;1709;2
1144;M;00:28:30;1710;1,99
1145;M;00:28:31;1711;1,98
1146;M;00:28:32;1712;1,97
1147;M;00:28:33;1713;1,96
1148;M;00:28:34;1714;1,95
1149;M;00:28:35;1715;1,94
1150;M;00:28:36;1716;1,93
1151;M;00:28:37;1717;1,92
1152;M;00:28:38;1718;1,91
1153;M;00:28:39;1719;1,9
1154;M;00:28:40;1720;1,89
1155;M;00:28:41;1721;1,88
1156;M;00:28:42;1722;1,87
1157;M;00:28:43;1723;1,86
1158;M;00:28:44;1724;1,85
1159;M;00:28:45;1725;1,84
1160;M;00:28:46;1726;1,83
1161;M;00:28:47;1727;1,82
1162;M;00:28:48;1728;1,81
1163;M;00:28:49;1729;1,8
1164;M;00:28:50;1730;1,79
1165;M;00:28:51;1731;1,78
1166;M;00:28:52;1732;1,77
1167;M;00:28:53;1733;1,76
1168;M;00:28:54;1734;1,75
1169;M;00:28:55;1735;1,74
1170;M;00:28:56;1736;1,73
1171;M;00:28:57;1737;1,72
1172;M;00:28:58;1738;1,71
1173;M;00:28:59;1739;1,7
1174;M;00:29:00;1740;1,69
1175;M;00:29:01;1741;1,68
1176;M;00:29:02;1742;1,67
1177;M;00:29:03;1743;1,66
1178;M;00:29:04;1744;1,65
1179;M;00:29:05;1745;1,64
1180;M;00:29:06;1746;1,63
1181;M;00:29:07;1747;1,62
1182;M;00:29:08;1748;1,61
1183;M;00:29:09;1749;1,6
1184;M;00:29:10;1750;1,59
1185;M;00:29:11;1751;1,58
1186;M;00:29:12;1752;1,57
1187;M;00:29:13;1753;1,56
1188;M;00:29:14;1754;1,55
1189;M;00:29:15;1755;1,54
1190;M;00:29:16;1756;1,53
1191;M;00:29:17;1757;1,52
1192;M;00:29:18;1758;1,51
1193;M;00:29:19;1759;1,5
1194;M;00:29:20;1760;1,49
1195;M;00:29:21;1761;1,48
1196;M;00:29:22;1762;1,47
1197;M;00:29:23;1763;1,46
1198;M;00:29:24;1764;1,45
1199;M;00:29:25;1765;1,44
1200;M;00:29:26;1766;1,43
1201;M;00:29:27;1767;1,42
1202;M;00:29:28;1768;1,41
1203;M;00:29:29;1769;1,4
1204;M;00:29:30;1770;1,39
1205;M;00:29:31;1771;1,38
1206;M;00:29:32;1772;1,37
1207;M;00:29:33;1773;1,36
1208;M;00:29:34;1774;1,35
1209;M;00:29:35;1775;1,34
1210;M;00:29:36;1776;1,33
1211;M;00:29:37;1777;1,32
1212;M;00:29:38;1778;1,31
1213;M;00:29:39;1779;1,3
1214;M;00:29:40;1780;1,29
1215;M;00:29:41;1781;1,28
1216;M;00:29:42;1782;1,27
1217;M;00:29:43;1783;1,26
1218;M;00:29:44;1784;1,25
1219;M;00:29:45;1785;1,24
1220;M;00:29:46;1786;1,23
1221;M;00:29:47;1787;1,22
1222;M;00:29:48;1788;1,21
1223;M;00:29:49;1789;1,2
1224;M;00:29:50;1790;1,19
1225;M;00:29:51;1791;1,18
1226;M;00:29:52;1792;1,17
1227;M;00:29:53;1793;1,16
1228;M;00:29:54;1794;1,15
1229;M;00:29:55;1795;1,14
1230;M;00:29:56;1796;1,13
1231;M;00:29:57;1797;1,12
1232;M;00:29:58;1798;1,11
1233;M;00:29:59;1799;1,1
1234;M;00:30:00;1800;1,09
1235;M;00:30:01;1801;1,08
1236;M;00:30:02;1802;1,07
1237;M;00:30:03;1803;1,06
1238;M;00:30:04;1804;1,05
1239;M;00:30:05;1805;1,04
1240;M;00:30:06;1806;1,03
1241;M;00:30:07;1807;1,02
1242;M;00:30:08;1808;1,01
1243;M;00:30:09;1809;1
1244;M;00:30:10;1810;0,99
1245;M;00:30:11;1811;0,98
1246;M;00:30:12;1812;0,97
1247;M;00:30:13;1813;0,96
1248;M;00:30:14;1814;0,95
1249;M;00:30:15;1815;0,94
1250;M;00:30:16;1816;0,93
1251;M;00:30:17;1817;0,92
1252;M;00:30:18;1818;0,91
1253;M;00:30:19;1819;0,9
1254;M;00:30:20;1820;0,89
1255;M;00:30:21;1821;0,88
1256;M;00:30:22;1822;0,87
1257;M;00:30:23;1823;0,86
1258;M;00:30:24;1824;0,85
1259;M;00:30:25;1825;0,84
1260;M;00:30:26;1826;0,83
1261;M;00:30:27;1827;0,82
1262;M;00:30:28;1828;0,81
1263;M;00:30:29;1829;0,8
1264;M;00:30:30;1830;0,79
1265;M;00:30:31;1831;0,78
1266;M;00:30:32;1832;0,77
1267;M;00:30:33;1833;0,76
1268;M;00:30:34;1834;0,75
1269;M;00:30:35;1835;0,74
1270;M;00:30:36;1836;0,73
1271;M;00:30:37;1837;0,72
1272;M;00:30:38;1838;0,71
1273;M;00:30:39;1839;0,7
1274;M;00:30:40;1840;0,69
1275;M;00:30:41;1841;0,68
1276;M;00:30:42;1842;0,67
1277;M;00:30:43;1843;0,66
1278;M;00:30:44;1844;0,65
1279;M;00:30:45;1845;0,64
1280;M;00:30:46;1846;0,63
1281;M;00:30:47;1847;0,62
1282;M;00:30:48;1848;0,61
1283;M;00:30:49;1849;0,6
1284;M;00:30:50;1850;0,59
1285;M;00:30:51;1851;0,58
1286;M;00:30:52;1852;0,57
1287;M;00:30:53;1853;0,56
1288;M;00:30:54;1854;0,55
1289;M;00:30:55;1855;0,54
1290;M;00:30:56;1856;0,53
1291;M;00:30:57;1857;0,52
1292;M;00:30:58;1858;0,51
1293;M;00:30:59;1859;0,5
1294;M;00:31:00;1860;0,49
1295;M;00:31:01;1861;0,48
1296;M;00:31:02;1862;0,47
1297;M;00:31:03;1863;0,46
1298;M;00:31:04;1864;0,45
1299;M;00:31:05;1865;0,44
1300;M;00:31:06;1866;0,43
1301;M;00:31:07;1867;0,42
1302;M;00:31:08;1868;0,41
1303;M;00:31:09;1869;0,4
1304;M;00:31:10;1870;0,39
1305;M;00:31:11;1871;0,38
1306;M;00:31:12;1872;0,37
1307;M;00:31:13;1873;0,36
1308;M;00:31:14;1874;0,35
1309;M;00:31:15;1875;0,34
1310;M;00:31:16;1876;0,33
1311;M;00:31:17;1877;0,32
1312;M;00:31:18;1878;0,31
1313;M;00:31:19;1879;0,3
1314;M;00:31:20;1880;0,29
1315;M;00:31:21;1881;0,28
1316;M;00:31:22;1882;0,27
1317;M;00:31:23;1883;0,26
1318;M;00:31:24;1884;0,25
1319;M;00:31:25;1885;0,24
1320;M;00:31:26;1886;0,23
1321;M;00:31:27;1887;0,22
1322;M;00:31:28;1888;0,21
1323;M;00:31:29;1889;0,2
1324;M;00:31:30;1890;0,19
1325;M;00:31:31;1891;0,18
1326;M;00:31:32;1892;0,17
1327;M;00:31:33;1893;0,16
1328;M;00:31:34;1894;0,15
1329;M;00:31:35;1895;0,14
1330;M;00:31:36;1896;0,13
1331;M;00:31:37;1897;0,12
1332;M;00:31:38;1898;0,11
1333;M;00:31:39;1899;0,1
1334;M;00:31:40;1900;0,09
1335;M;00:31:41;1901;0,08
1336;M;00:31:42;1902;0,07
1337;M;00:31:43;1903;0,06
1338;M;00:31:44;1904;0,05
1339;M;00:31:45;1905;0,04
1340;M;00:31:46;1906;0,03
1341;M;00:31:47;1907;0,02
1342;M;00:31:48;1908;0,01
1343;M;00:31:49;1909;0
1344;F;00:13:00;780;20
1345;F;00:13:01;781;19,97
1346;F;00:13:02;782;19,93
1347;F;00:13:03;783;19,86
1348;F;00:13:04;784;19,79
1349;F;00:13:05;785;19,72
1350;F;00:13:06;786;19,65
1351;F;00:13:07;787;19,58
1352;F;00:13:08;788;19,51
1353;F;00:13:09;789;19,44
1354;F;00:13:10;790;19,37
1355;F;00:13:11;791;19,3
1356;F;00:13:12;792;19,23
1357;F;00:13:13;793;19,16
1358;F;00:13:14;794;19,1
1359;F;00:13:15;795;19,03
1360;F;00:13:16;796;18,96
1361;F;00:13:17;797;18,86
1362;F;00:13:18;798;18,8
1363;F;00:13:19;799;18,73
1364;F;00:13:20;800;18,67
1365;F;00:13:21;801;18,6
1366;F;00:13:22;802;18,54
1367;F;00:13:23;803;18,47
1368;F;00:13:24;804;18,41
1369;F;00:13:25;805;18,34
1370;F;00:13:26;806;18,28
1371;F;00:13:27;807;18,19
1372;F;00:13:28;808;18,09
1373;F;00:13:29;809;18
1374;F;00:13:30;810;17,91
1375;F;00:13:31;811;17,82
1376;F;00:13:32;812;17,72
1377;F;00:13:33;813;17,63
1378;F;00:13:34;814;17,57
1379;F;00:13:35;815;17,51
1380;F;00:13:36;816;17,45
1381;F;00:13:37;817;17,4
1382;F;00:13:38;818;17,34
1383;F;00:13:39;819;17,28
1384;F;00:13:40;820;17,22
1385;F;00:13:41;821;17,16
1386;F;00:13:42;822;17,1
1387;F;00:13:43;823;17,05
1388;F;00:13:44;824;16,99
1389;F;00:13:45;825;16,93
1390;F;00:13:46;826;16,88
1391;F;00:13:47;827;16,82
1392;F;00:13:48;828;16,77
1393;F;00:13:49;829;16,71
1394;F;00:13:50;830;16,65
1395;F;00:13:51;831;16,6
1396;F;00:13:52;832;16,54
1397;F;00:13:53;833;16,49
1398;F;00:13:54;834;16,44
1399;F;00:13:55;835;16,38
1400;F;00:13:56;836;16,33
1401;F;00:13:57;837;16,27
1402;F;00:13:58;838;16,22
1403;F;00:13:59;839;16,17
1404;F;00:14:00;840;16,12
1405;F;00:14:01;841;16,06
1406;F;00:14:02;842;16,01
1407;F;00:14:03;843;15,96
1408;F;00:14:04;844;15,91
1409;F;00:14:05;845;15,86
1410;F;00:14:06;846;15,81
1411;F;00:14:07;847;15,75
1412;F;00:14:08;848;15,7
1413;F;00:14:09;849;15,65
1414;F;00:14:10;850;15,6
1415;F;00:14:11;851;15,55
1416;F;00:14:12;852;15,5
1417;F;00:14:13;853;15,45
1418;F;00:14:14;854;15,4
1419;F;00:14:15;855;15,36
1420;F;00:14:16;856;15,31
1421;F;00:14:17;857;15,26
1422;F;00:14:18;858;15,21
1423;F;00:14:19;859;15,16
1424;F;00:14:20;860;15,11
1425;F;00:14:21;861;15,07
1426;F;00:14:22;862;15,02
1427;F;00:14:23;863;14,97
1428;F;00:14:24;864;14,93
1429;F;00:14:25;865;14,88
1430;F;00:14:26;866;14,83
1431;F;00:14:27;867;14,79
1432;F;00:14:28;868;14,74
1433;F;00:14:29;869;14,69
1434;F;00:14:30;870;14,65
1435;F;00:14:31;871;14,6
1436;F;00:14:32;872;14,56
1437;F;00:14:33;873;14,51
1438;F;00:14:34;874;14,47
1439;F;00:14:35;875;14,42
1440;F;00:14:36;876;14,38
1441;F;00:14:37;877;14,33
1442;F;00:14:38;878;14,29
1443;F;00:14:39;879;14,25
1444;F;00:14:40;880;14,2
1445;F;00:14:41;881;14,16
1446;F;00:14:42;882;14,12
1447;F;00:14:43;883;14,07
1448;F;00:14:44;884;14,03
1449;F;00:14:45;885;13,99
1450;F;00:14:46;886;13,95
1451;F;00:14:47;887;13,9
1452;F;00:14:48;888;13,86
1453;F;00:14:49;889;13,82
1454;F;00:14:50;890;13,78
1455;F;00:14:51;891;13,74
1456;F;00:14:52;892;13,7
1457;F;00:14:53;893;13,65
1458;F;00:14:54;894;13,63
1459;F;00:14:55;895;13,61
1460;F;00:14:56;896;13,58
1461;F;00:14:57;897;13,56
1462;F;00:14:58;898;13,53
1463;F;00:14:59;899;13,51
1464;F;00:15:00;900;13,48
1465;F;00:15:01;901;13,46
1466;F;00:15:02;902;13,43
1467;F;00:15:03;903;13,41
1468;F;00:15:04;904;13,39
1469;F;00:15:05;905;13,36
1470;F;00:15:06;906;13,34
1471;F;00:15:07;907;13,32
1472;F;00:15:08;908;13,29
1473;F;00:15:09;909;13,27
1474;F;00:15:10;910;13,25
1475;F;00:15:11;911;13,22
1476;F;00:15:12;912;13,2
1477;F;00:15:13;913;13,18
1478;F;00:15:14;914;13,15
1479;F;00:15:15;915;13,13
1480;F;00:15:16;916;13,11
1481;F;00:15:17;917;13,08
1482;F;00:15:18;918;13,06
1483;F;00:15:19;919;13,04
1484;F;00:15:20;920;13,02
1485;F;00:15:21;921;12,99
1486;F;00:15:22;922;12,97
1487;F;00:15:23;923;12,95
1488;F;00:15:24;924;12,93
1489;F;00:15:25;925;12,9
1490;F;00:15:26;926;12,88
1491;F;00:15:27;927;12,86
1492;F;00:15:28;928;12,84
1493;F;00:15:29;929;12,82
1494;F;00:15:30;930;12,79
1495;F;00:15:31;931;12,77
1496;F;00:15:32;932;12,75
1497;F;00:15:33;933;12,73
1498;F;00:15:34;934;12,71
1499;F;00:15:35;935;12,69
1500;F;00:15:36;936;12,66
1501;F;00:15:37;937;12,64
1502;F;00:15:38;938;12,62
1503;F;00:15:39;939;12,6
1504;F;00:15:40;940;12,58
1505;F;00:15:41;941;12,56
1506;F;00:15:42;942;12,54
1507;F;00:15:43;943;12,52
1508;F;00:15:44;944;12,5
1509;F;00:15:45;945;12,48
1510;F;00:15:46;946;12,45
1511;F;00:15:47;947;12,43
1512;F;00:15:48;948;12,41
1513;F;00:15:49;949;12,39
1514;F;00:15:50;950;12,37
1515;F;00:15:51;951;12,35
1516;F;00:15:52;952;12,33
1517;F;00:15:53;953;12,31
1518;F;00:15:54;954;12,29
1519;F;00:15:55;955;12,27
1520;F;00:15:56;956;12,25
1521;F;00:15:57;957;12,23
1522;F;00:15:58;958;12,21
1523;F;00:15:59;959;12,19
1524;F;00:16:00;960;12,17
1525;F;00:16:01;961;12,15
1526;F;00:16:02;962;12,13
1527;F;00:16:03;963;12,11
1528;F;00:16:04;964;12,09
1529;F;00:16:05;965;12,07
1530;F;00:16:06;966;12,05
1531;F;00:16:07;967;12,04
1532;F;00:16:08;968;12,02
1533;F;00:16:09;969;12
1534;F;00:16:10;970;11,98
1535;F;00:16:11;971;11,96
1536;F;00:16:12;972;11,94
1537;F;00:16:13;973;11,92
1538;F;00:16:14;974;11,9
1539;F;00:16:15;975;11,88
1540;F;00:16:16;976;11,86
1541;F;00:16:17;977;11,85
1542;F;00:16:18;978;11,83
1543;F;00:16:19;979;11,81
1544;F;00:16:20;980;11,79
1545;F;00:16:21;981;11,77
1546;F;00:16:22;982;11,75
1547;F;00:16:23;983;11,73
1548;F;00:16:24;984;11,72
1549;F;00:16:25;985;11,7
1550;F;00:16:26;986;11,68
1551;F;00:16:27;987;11,66
1552;F;00:16:28;988;11,64
1553;F;00:16:29;989;11,63
1554;F;00:16:30;990;11,61
1555;F;00:16:31;991;11,59
1556;F;00:16:32;992;11,57
1557;F;00:16:33;993;11,55
1558;F;00:16:34;994;11,54
1559;F;00:16:35;995;11,52
1560;F;00:16:36;996;11,5
1561;F;00:16:37;997;11,48
1562;F;00:16:38;998;11,47
1563;F;00:16:39;999;11,45
1564;F;00:16:40;1000;11,43
1565;F;00:16:41;1001;11,41
1566;F;00:16:42;1002;11,4
1567;F;00:16:43;1003;11,38
1568;F;00:16:44;1004;11,36
1569;F;00:16:45;1005;11,34
1570;F;00:16:46;1006;11,33
1571;F;00:16:47;1007;11,31
1572;F;00:16:48;1008;11,29
1573;F;00:16:49;1009;11,28
1574;F;00:16:50;1010;11,26
1575;F;00:16:51;1011;11,24
1576;F;00:16:52;1012;11,23
1577;F;00:16:53;1013;11,21
1578;F;00:16:54;1014;11,19
1579;F;00:16:55;1015;11,18
1580;F;00:16:56;1016;11,16
1581;F;00:16:57;1017;11,14
1582;F;00:16:58;1018;11,13
1583;F;00:16:59;1019;11,11
1584;F;00:17:00;1020;11,09
1585;F;00:17:01;1021;11,08
1586;F;00:17:02;1022;11,06
1587;F;00:17:03;1023;11,04
1588;F;00:17:04;1024;11,03
1589;F;00:17:05;1025;11,01
1590;F;00:17:06;1026;11
1591;F;00:17:07;1027;10,98
1592;F;00:17:08;1028;10,96
1593;F;00:17:09;1029;10,95
1594;F;00:17:10;1030;10,93
1595;F;00:17:11;1031;10,92
1596;F;00:17:12;1032;10,9
1597;F;00:17:13;1033;10,88
1598;F;00:17:14;1034;10,87
1599;F;00:17:15;1035;10,85
1600;F;00:17:16;1036;10,84
1601;F;00:17:17;1037;10,82
1602;F;00:17:18;1038;10,81
1603;F;00:17:19;1039;10,79
1604;F;00:17:20;1040;10,77
1605;F;00:17:21;1041;10,76
1606;F;00:17:22;1042;10,74
1607;F;00:17:23;1043;10,73
1608;F;00:17:24;1044;10,71
1609;F;00:17:25;1045;10,7
1610;F;00:17:26;1046;10,68
1611;F;00:17:27;1047;10,67
1612;F;00:17:28;1048;10,65
1613;F;00:17:29;1049;10,64
1614;F;00:17:30;1050;10,62
1615;F;00:17:31;1051;10,61
1616;F;00:17:32;1052;10,59
1617;F;00:17:33;1053;10,58
1618;F;00:17:34;1054;10,56
1619;F;00:17:35;1055;10,55
1620;F;00:17:36;1056;10,53
1621;F;00:17:37;1057;10,52
1622;F;00:17:38;1058;10,5
1623;F;00:17:39;1059;10,49
1624;F;00:17:40;1060;10,47
1625;F;00:17:41;1061;10,46
1626;F;00:17:42;1062;10,45
1627;F;00:17:43;1063;10,43
1628;F;00:17:44;1064;10,42
1629;F;00:17:45;1065;10,4
1630;F;00:17:46;1066;10,39
1631;F;00:17:47;1067;10,37
1632;F;00:17:48;1068;10,36
1633;F;00:17:49;1069;10,34
1634;F;00:17:50;1070;10,33
1635;F;00:17:51;1071;10,32
1636;F;00:17:52;1072;10,3
1637;F;00:17:53;1073;10,29
1638;F;00:17:54;1074;10,27
1639;F;00:17:55;1075;10,26
1640;F;00:17:56;1076;10,25
1641;F;00:17:57;1077;10,23
1642;F;00:17:58;1078;10,22
1643;F;00:17:59;1079;10,2
1644;F;00:18:00;1080;10,19
1645;F;00:18:01;1081;10,18
1646;F;00:18:02;1082;10,16
1647;F;00:18:03;1083;10,15
1648;F;00:18:04;1084;10,13
1649;F;00:18:05;1085;10,12
1650;F;00:18:06;1086;10,11
1651;F;00:18:07;1087;10,09
1652;F;00:18:08;1088;10,08
1653;F;00:18:09;1089;10,07
1654;F;00:18:10;1090;10,05
1655;F;00:18:11;1091;10,04
1656;F;00:18:12;1092;10,03
1657;F;00:18:13;1093;10,01
1658;F;00:18:14;1094;10
1659;F;00:18:15;1095;9,99
1660;F;00:18:16;1096;9,98
1661;F;00:18:17;1097;9,97
1662;F;00:18:18;1098;9,95
1663;F;00:18:19;1099;9,94
1664;F;00:18:20;1100;9,93
1665;F;00:18:21;1101;9,92
1666;F;00:18:22;1102;9,91
1667;F;00:18:23;1103;9,9
1668;F;00:18:24;1104;9,89
1669;F;00:18:25;1105;9,88
1670;F;00:18:26;1106;9,86
1671;F;00:18:27;1107;9,85
1672;F;00:18:28;1108;9,84
1673;F;00:18:29;1109;9,83
1674;F;00:18:30;1110;9,82
1675;F;00:18:31;1111;9,81
1676;F;00:18:32;1112;9,8
1677;F;00:18:33;1113;9,79
1678;F;00:18:34;1114;9,78
1679;F;00:18:35;1115;9,76
1680;F;00:18:36;1116;9,75
1681;F;00:18:37;1117;9,74
1682;F;00:18:38;1118;9,73
1683;F;00:18:39;1119;9,72
1684;F;00:18:40;1120;9,71
1685;F;00:18:41;1121;9,7
1686;F;00:18:42;1122;9,69
1687;F;00:18:43;1123;9,68
1688;F;00:18:44;1124;9,67
1689;F;00:18:45;1125;9,66
1690;F;00:18:46;1126;9,65
1691;F;00:18:47;1127;9,63
1692;F;00:18:48;1128;9,62
1693;F;00:18:49;1129;9,61
1694;F;00:18:50;1130;9,6
1695;F;00:18:51;1131;9,59
1696;F;00:18:52;1132;9,58
1697;F;00:18:53;1133;9,57
1698;F;00:18:54;1134;9,56
1699;F;00:18:55;1135;9,55
1700;F;00:18:56;1136;9,54
1701;F;00:18:57;1137;9,53
1702;F;00:18:58;1138;9,52
1703;F;00:18:59;1139;9,51
1704;F;00:19:00;1140;9,5
1705;F;00:19:01;1141;9,49
1706;F;00:19:02;1142;9,48
1707;F;00:19:03;1143;9,47
1708;F;00:19:04;1144;9,46
1709;F;00:19:05;1145;9,45
1710;F;00:19:06;1146;9,44
1711;F;00:19:07;1147;9,43
1712;F;00:19:08;1148;9,42
1713;F;00:19:09;1149;9,41
1714;F;00:19:10;1150;9,4
1715;F;00:19:11;1151;9,39
1716;F;00:19:12;1152;9,38
1717;F;00:19:13;1153;9,36
1718;F;00:19:14;1154;9,35
1719;F;00:19:15;1155;9,34
1720;F;00:19:16;1156;9,33
1721;F;00:19:17;1157;9,32
1722;F;00:19:18;1158;9,31
1723;F;00:19:19;1159;9,3
1724;F;00:19:20;1160;9,29
1725;F;00:19:21;1161;9,28
1726;F;00:19:22;1162;9,27
1727;F;00:19:23;1163;9,26
1728;F;00:19:24;1164;9,25
1729;F;00:19:25;1165;9,24
1730;F;00:19:26;1166;9,23
1731;F;00:19:27;1167;9,22
1732;F;00:19:28;1168;9,21
1733;F;00:19:29;1169;9,2
1734;F;00:19:30;1170;9,19
1735;F;00:19:31;1171;9,18
1736;F;00:19:32;1172;9,17
1737;F;00:19:33;1173;9,16
1738;F;00:19:34;1174;9,15
1739;F;00:19:35;1175;9,14
1740;F;00:19:36;1176;9,13
1741;F;00:19:37;1177;9,12
1742;F;00:19:38;1178;9,11
1743;F;00:19:39;1179;9,1
1744;F;00:19:40;1180;9,09
1745;F;00:19:41;1181;9,08
1746;F;00:19:42;1182;9,07
1747;F;00:19:43;1183;9,06
1748;F;00:19:44;1184;9,05
1749;F;00:19:45;1185;9,04
1750;F;00:19:46;1186;9,03
1751;F;00:19:47;1187;9,02
1752;F;00:19:48;1188;9,01
1753;F;00:19:49;1189;9
1754;F;00:19:50;1190;8,99
1755;F;00:19:51;1191;8,98
1756;F;00:19:52;1192;8,97
1757;F;00:19:53;1193;8,96
1758;F;00:19:54;1194;8,95
1759;F;00:19:55;1195;8,94
1760;F;00:19:56;1196;8,93
1761;F;00:19:57;1197;8,92
1762;F;00:19:58;1198;8,91
1763;F;00:19:59;1199;8,9
1764;F;00:20:00;1200;8,89
1765;F;00:20:01;1201;8,88
1766;F;00:20:02;1202;8,87
1767;F;00:20:03;1203;8,86
1768;F;00:20:04;1204;8,85
1769;F;00:20:05;1205;8,84
1770;F;00:20:06;1206;8,83
1771;F;00:20:07;1207;8,82
1772;F;00:20:08;1208;8,81
1773;F;00:20:09;1209;8,8
1774;F;00:20:10;1210;8,79
1775;F;00:20:11;1211;8,78
1776;F;00:20:12;1212;8,77
1777;F;00:20:13;1213;8,76
1778;F;00:20:14;1214;8,75
1779;F;00:20:15;1215;8,74
1780;F;00:20:16;1216;8,73
1781;F;00:20:17;1217;8,72
1782;F;00:20:18;1218;8,71
1783;F;00:20:19;1219;8,7
1784;F;00:20:20;1220;8,69
1785;F;00:20:21;1221;8,68
1786;F;00:20:22;1222;8,67
1787;F;00:20:23;1223;8,66
1788;F;00:20:24;1224;8,65
1789;F;00:20:25;1225;8,64
1790;F;00:20:26;1226;8,63
1791;F;00:20:27;1227;8,62
1792;F;00:20:28;1228;8,61
1793;F;00:20:29;1229;8,6
1794;F;00:20:30;1230;8,59
1795;F;00:20:31;1231;8,58
1796;F;00:20:32;1232;8,57
1797;F;00:20:33;1233;8,56
1798;F;00:20:34;1234;8,55
1799;F;00:20:35;1235;8,54
1800;F;00:20:36;1236;8,53
1801;F;00:20:37;1237;8,52
1802;F;00:20:38;1238;8,51
1803;F;00:20:39;1239;8,5
1804;F;00:20:40;1240;8,49
1805;F;00:20:41;1241;8,48
1806;F;00:20:42;1242;8,47
1807;F;00:20:43;1243;8,46
1808;F;00:20:44;1244;8,45
1809;F;00:20:45;1245;8,44
1810;F;00:20:46;1246;8,43
1811;F;00:20:47;1247;8,42
1812;F;00:20:48;1248;8,41
1813;F;00:20:49;1249;8,4
1814;F;00:20:50;1250;8,39
1815;F;00:20:51;1251;8,38
1816;F;00:20:52;1252;8,37
1817;F;00:20:53;1253;8,36
1818;F;00:20:54;1254;8,35
1819;F;00:20:55;1255;8,34
1820;F;00:20:56;1256;8,33
1821;F;00:20:57;1257;8,32
1822;F;00:20:58;1258;8,31
1823;F;00:20:59;1259;8,3
1824;F;00:21:00;1260;8,29
1825;F;00:21:01;1261;8,28
1826;F;00:21:02;1262;8,27
1827;F;00:21:03;1263;8,26
1828;F;00:21:04;1264;8,25
1829;F;00:21:05;1265;8,24
1830;F;00:21:06;1266;8,23
1831;F;00:21:07;1267;8,22
1832;F;00:21:08;1268;8,21
1833;F;00:21:09;1269;8,2
1834;F;00:21:10;1270;8,19
1835;F;00:21:11;1271;8,18
1836;F;00:21:12;1272;8,17
1837;F;00:21:13;1273;8,16
1838;F;00:21:14;1274;8,15
1839;F;00:21:15;1275;8,14
1840;F;00:21:16;1276;8,13
1841;F;00:21:17;1277;8,12
1842;F;00:21:18;1278;8,11
1843;F;00:21:19;1279;8,1
1844;F;00:21:20;1280;8,09
1845;F;00:21:21;1281;8,08
1846;F;00:21:22;1282;8,07
1847;F;00:21:23;1283;8,06
1848;F;00:21:24;1284;8,05
1849;F;00:21:25;1285;8,04
1850;F;00:21:26;1286;8,03
1851;F;00:21:27;1287;8,02
1852;F;00:21:28;1288;8,01
1853;F;00:21:29;1289;8
1854;F;00:21:30;1290;7,99
1855;F;00:21:31;1291;7,98
1856;F;00:21:32;1292;7,97
1857;F;00:21:33;1293;7,96
1858;F;00:21:34;1294;7,95
1859;F;00:21:35;1295;7,94
1860;F;00:21:36;1296;7,93
1861;F;00:21:37;1297;7,92
1862;F;00:21:38;1298;7,91
1863;F;00:21:39;1299;7,9
1864;F;00:21:40;1300;7,89
1865;F;00:21:41;1301;7,88
1866;F;00:21:42;1302;7,87
1867;F;00:21:43;1303;7,86
1868;F;00:21:44;1304;7,85
1869;F;00:21:45;1305;7,84
1870;F;00:21:46;1306;7,83
1871;F;00:21:47;1307;7,82
1872;F;00:21:48;1308;7,81
1873;F;00:21:49;1309;7,8
1874;F;00:21:50;1310;7,79
1875;F;00:21:51;1311;7,78
1876;F;00:21:52;1312;7,77
1877;F;00:21:53;1313;7,76
1878;F;00:21:54;1314;7,75
1879;F;00:21:55;1315;7,74
1880;F;00:21:56;1316;7,73
1881;F;00:21:57;1317;7,72
1882;F;00:21:58;1318;7,71
1883;F;00:21:59;1319;7,7
1884;F;00:22:00;1320;7,69
1885;F;00:22:01;1321;7,68
1886;F;00:22:02;1322;7,67
1887;F;00:22:03;1323;7,66
1888;F;00:22:04;1324;7,65
1889;F;00:22:05;1325;7,64
1890;F;00:22:06;1326;7,63
1891;F;00:22:07;1327;7,62
1892;F;00:22:08;1328;7,61
1893;F;00:22:09;1329;7,6
1894;F;00:22:10;1330;7,59
1895;F;00:22:11;1331;7,58
1896;F;00:22:12;1332;7,57
1897;F;00:22:13;1333;7,56
1898;F;00:22:14;1334;7,55
1899;F;00:22:15;1335;7,54
1900;F;00:22:16;1336;7,53
1901;F;00:22:17;1337;7,52
1902;F;00:22:18;1338;7,51
1903;F;00:22:19;1339;7,5
1904;F;00:22:20;1340;7,49
1905;F;00:22:21;1341;7,48
1906;F;00:22:22;1342;7,47
1907;F;00:22:23;1343;7,46
1908;F;00:22:24;1344;7,45
1909;F;00:22:25;1345;7,44
1910;F;00:22:26;1346;7,43
1911;F;00:22:27;1347;7,42
1912;F;00:22:28;1348;7,41
1913;F;00:22:29;1349;7,4
1914;F;00:22:30;1350;7,39
1915;F;00:22:31;1351;7,38
1916;F;00:22:32;1352;7,37
1917;F;00:22:33;1353;7,36
1918;F;00:22:34;1354;7,35
1919;F;00:22:35;1355;7,34
1920;F;00:22:36;1356;7,33
1921;F;00:22:37;1357;7,32
1922;F;00:22:38;1358;7,31
1923;F;00:22:39;1359;7,3
1924;F;00:22:40;1360;7,29
1925;F;00:22:41;1361;7,28
1926;F;00:22:42;1362;7,27
1927;F;00:22:43;1363;7,26
1928;F;00:22:44;1364;7,25
1929;F;00:22:45;1365;7,24
1930;F;00:22:46;1366;7,23
1931;F;00:22:47;1367;7,22
1932;F;00:22:48;1368;7,21
1933;F;00:22:49;1369;7,2
1934;F;00:22:50;1370;7,19
1935;F;00:22:51;1371;7,18
1936;F;00:22:52;1372;7,17
1937;F;00:22:53;1373;7,16
1938;F;00:22:54;1374;7,15
1939;F;00:22:55;1375;7,14
1940;F;00:22:56;1376;7,13
1941;F;00:22:57;1377;7,12
1942;F;00:22:58;1378;7,11
1943;F;00:22:59;1379;7,1
1944;F;00:23:00;1380;7,09
1945;F;00:23:01;1381;7,08
1946;F;00:23:02;1382;7,07
1947;F;00:23:03;1383;7,06
1948;F;00:23:04;1384;7,05
1949;F;00:23:05;1385;7,04
1950;F;00:23:06;1386;7,03
1951;F;00:23:07;1387;7,02
1952;F;00:23:08;1388;7,01
1953;F;00:23:09;1389;7
1954;F;00:23:10;1390;6,99
1955;F;00:23:11;1391;6,98
1956;F;00:23:12;1392;6,97
1957;F;00:23:13;1393;6,96
1958;F;00:23:14;1394;6,95
1959;F;00:23:15;1395;6,94
1960;F;00:23:16;1396;6,93
1961;F;00:23:17;1397;6,92
1962;F;00:23:18;1398;6,91
1963;F;00:23:19;1399;6,9
1964;F;00:23:20;1400;6,89
1965;F;00:23:21;1401;6,88
1966;F;00:23:22;1402;6,87
1967;F;00:23:23;1403;6,86
1968;F;00:23:24;1404;6,85
1969;F;00:23:25;1405;6,84
1970;F;00:23:26;1406;6,83
1971;F;00:23:27;1407;6,82
1972;F;00:23:28;1408;6,81
1973;F;00:23:29;1409;6,8
1974;F;00:23:30;1410;6,79
1975;F;00:23:31;1411;6,78
1976;F;00:23:32;1412;6,77
1977;F;00:23:33;1413;6,76
1978;F;00:23:34;1414;6,75
1979;F;00:23:35;1415;6,74
1980;F;00:23:36;1416;6,73
1981;F;00:23:37;1417;6,72
1982;F;00:23:38;1418;6,71
1983;F;00:23:39;1419;6,7
1984;F;00:23:40;1420;6,69
1985;F;00:23:41;1421;6,68
1986;F;00:23:42;1422;6,67
1987;F;00:23:43;1423;6,66
1988;F;00:23:44;1424;6,65
1989;F;00:23:45;1425;6,64
1990;F;00:23:46;1426;6,63
1991;F;00:23:47;1427;6,62
1992;F;00:23:48;1428;6,61
1993;F;00:23:49;1429;6,6
1994;F;00:23:50;1430;6,59
1995;F;00:23:51;1431;6,58
1996;F;00:23:52;1432;6,57
1997;F;00:23:53;1433;6,56
1998;F;00:23:54;1434;6,55
1999;F;00:23:55;1435;6,54
2000;F;00:23:56;1436;6,53
2001;F;00:23:57;1437;6,52
2002;F;00:23:58;1438;6,51
2003;F;00:23:59;1439;6,5
2004;F;00:24:00;1440;6,49
2005;F;00:24:01;1441;6,48
2006;F;00:24:02;1442;6,47
2007;F;00:24:03;1443;6,46
2008;F;00:24:04;1444;6,45
2009;F;00:24:05;1445;6,44
2010;F;00:24:06;1446;6,43
2011;F;00:24:07;1447;6,42
2012;F;00:24:08;1448;6,41
2013;F;00:24:09;1449;6,4
2014;F;00:24:10;1450;6,39
2015;F;00:24:11;1451;6,38
2016;F;00:24:12;1452;6,37
2017;F;00:24:13;1453;6,36
2018;F;00:24:14;1454;6,35
2019;F;00:24:15;1455;6,34
2020;F;00:24:16;1456;6,33
2021;F;00:24:17;1457;6,32
2022;F;00:24:18;1458;6,31
2023;F;00:24:19;1459;6,3
2024;F;00:24:20;1460;6,29
2025;F;00:24:21;1461;6,28
2026;F;00:24:22;1462;6,27
2027;F;00:24:23;1463;6,26
2028;F;00:24:24;1464;6,25
2029;F;00:24:25;1465;6,24
2030;F;00:24:26;1466;6,23
2031;F;00:24:27;1467;6,22
2032;F;00:24:28;1468;6,21
2033;F;00:24:29;1469;6,2
2034;F;00:24:30;1470;6,19
2035;F;00:24:31;1471;6,18
2036;F;00:24:32;1472;6,17
2037;F;00:24:33;1473;6,16
2038;F;00:24:34;1474;6,15
2039;F;00:24:35;1475;6,14
2040;F;00:24:36;1476;6,13
2041;F;00:24:37;1477;6,12
2042;F;00:24:38;1478;6,11
2043;F;00:24:39;1479;6,1
2044;F;00:24:40;1480;6,09
2045;F;00:24:41;1481;6,08
2046;F;00:24:42;1482;6,07
2047;F;00:24:43;1483;6,06
2048;F;00:24:44;1484;6,05
2049;F;00:24:45;1485;6,04
2050;F;00:24:46;1486;6,03
2051;F;00:24:47;1487;6,02
2052;F;00:24:48;1488;6,01
2053;F;00:24:49;1489;6
2054;F;00:24:50;1490;5,99
2055;F;00:24:51;1491;5,98
2056;F;00:24:52;1492;5,97
2057;F;00:24:53;1493;5,96
2058;F;00:24:54;1494;5,95
2059;F;00:24:55;1495;5,94
2060;F;00:24:56;1496;5,93
2061;F;00:24:57;1497;5,92
2062;F;00:24:58;1498;5,91
2063;F;00:24:59;1499;5,9
2064;F;00:25:00;1500;5,89
2065;F;00:25:01;1501;5,88
2066;F;00:25:02;1502;5,87
2067;F;00:25:03;1503;5,86
2068;F;00:25:04;1504;5,85
2069;F;00:25:05;1505;5,84
2070;F;00:25:06;1506;5,83
2071;F;00:25:07;1507;5,82
2072;F;00:25:08;1508;5,81
2073;F;00:25:09;1509;5,8
2074;F;00:25:10;1510;5,79
2075;F;00:25:11;1511;5,78
2076;F;00:25:12;1512;5,77
2077;F;00:25:13;1513;5,76
2078;F;00:25:14;1514;5,75
2079;F;00:25:15;1515;5,74
2080;F;00:25:16;1516;5,73
2081;F;00:25:17;1517;5,72
2082;F;00:25:18;1518;5,71
2083;F;00:25:19;1519;5,7
2084;F;00:25:20;1520;5,69
2085;F;00:25:21;1521;5,68
2086;F;00:25:22;1522;5,67
2087;F;00:25:23;1523;5,66
2088;F;00:25:24;1524;5,65
2089;F;00:25:25;1525;5,64
2090;F;00:25:26;1526;5,63
2091;F;00:25:27;1527;5,62
2092;F;00:25:28;1528;5,61
2093;F;00:25:29;1529;5,6
2094;F;00:25:30;1530;5,59
2095;F;00:25:31;1531;5,58
2096;F;00:25:32;1532;5,57
2097;F;00:25:33;1533;5,56
2098;F;00:25:34;1534;5,55
2099;F;00:25:35;1535;5,54
2100;F;00:25:36;1536;5,53
2101;F;00:25:37;1537;5,52
2102;F;00:25:38;1538;5,51
2103;F;00:25:39;1539;5,5
2104;F;00:25:40;1540;5,49
2105;F;00:25:41;1541;5,48
2106;F;00:25:42;1542;5,47
2107;F;00:25:43;1543;5,46
2108;F;00:25:44;1544;5,45
2109;F;00:25:45;1545;5,44
2110;F;00:25:46;1546;5,43
2111;F;00:25:47;1547;5,42
2112;F;00:25:48;1548;5,41
2113;F;00:25:49;1549;5,4
2114;F;00:25:50;1550;5,39
2115;F;00:25:51;1551;5,38
2116;F;00:25:52;1552;5,37
2117;F;00:25:53;1553;5,36
2118;F;00:25:54;1554;5,35
2119;F;00:25:55;1555;5,34
2120;F;00:25:56;1556;5,33
2121;F;00:25:57;1557;5,32
2122;F;00:25:58;1558;5,31
2123;F;00:25:59;1559;5,3
2124;F;00:26:00;1560;5,29
2125;F;00:26:01;1561;5,28
2126;F;00:26:02;1562;5,27
2127;F;00:26:03;1563;5,26
2128;F;00:26:04;1564;5,25
2129;F;00:26:05;1565;5,24
2130;F;00:26:06;1566;5,23
2131;F;00:26:07;1567;5,22
2132;F;00:26:08;1568;5,21
2133;F;00:26:09;1569;5,2
2134;F;00:26:10;1570;5,19
2135;F;00:26:11;1571;5,18
2136;F;00:26:12;1572;5,17
2137;F;00:26:13;1573;5,16
2138;F;00:26:14;1574;5,15
2139;F;00:26:15;1575;5,14
2140;F;00:26:16;1576;5,13
2141;F;00:26:17;1577;5,12
2142;F;00:26:18;1578;5,11
2143;F;00:26:19;1579;5,1
2144;F;00:26:20;1580;5,09
2145;F;00:26:21;1581;5,08
2146;F;00:26:22;1582;5,07
2147;F;00:26:23;1583;5,06
2148;F;00:26:24;1584;5,05
2149;F;00:26:25;1585;5,04
2150;F;00:26:26;1586;5,03
2151;F;00:26:27;1587;5,02
2152;F;00:26:28;1588;5,01
2153;F;00:26:29;1589;5
2154;F;00:26:30;1590;4,99
2155;F;00:26:31;1591;4,98
2156;F;00:26:32;1592;4,97
2157;F;00:26:33;1593;4,96
2158;F;00:26:34;1594;4,95
2159;F;00:26:35;1595;4,94
2160;F;00:26:36;1596;4,93
2161;F;00:26:37;1597;4,92
2162;F;00:26:38;1598;4,91
2163;F;00:26:39;1599;4,9
2164;F;00:26:40;1600;4,89
2165;F;00:26:41;1601;4,88
2166;F;00:26:42;1602;4,87
2167;F;00:26:43;1603;4,86
2168;F;00:26:44;1604;4,85
2169;F;00:26:45;1605;4,84
2170;F;00:26:46;1606;4,83
2171;F;00:26:47;1607;4,82
2172;F;00:26:48;1608;4,81
2173;F;00:26:49;1609;4,8
2174;F;00:26:50;1610;4,79
2175;F;00:26:51;1611;4,78
2176;F;00:26:52;1612;4,77
2177;F;00:26:53;1613;4,76
2178;F;00:26:54;1614;4,75
2179;F;00:26:55;1615;4,74
2180;F;00:26:56;1616;4,73
2181;F;00:26:57;1617;4,72
2182;F;00:26:58;1618;4,71
2183;F;00:26:59;1619;4,7
2184;F;00:27:00;1620;4,69
2185;F;00:27:01;1621;4,68
2186;F;00:27:02;1622;4,67
2187;F;00:27:03;1623;4,66
2188;F;00:27:04;1624;4,65
2189;F;00:27:05;1625;4,64
2190;F;00:27:06;1626;4,63
2191;F;00:27:07;1627;4,62
2192;F;00:27:08;1628;4,61
2193;F;00:27:09;1629;4,6
2194;F;00:27:10;1630;4,59
2195;F;00:27:11;1631;4,58
2196;F;00:27:12;1632;4,57
2197;F;00:27:13;1633;4,56
2198;F;00:27:14;1634;4,55
2199;F;00:27:15;1635;4,54
2200;F;00:27:16;1636;4,53
2201;F;00:27:17;1637;4,52
2202;F;00:27:18;1638;4,51
2203;F;00:27:19;1639;4,5
2204;F;00:27:20;1640;4,49
2205;F;00:27:21;1641;4,48
2206;F;00:27:22;1642;4,47
2207;F;00:27:23;1643;4,46
2208;F;00:27:24;1644;4,45
2209;F;00:27:25;1645;4,44
2210;F;00:27:26;1646;4,43
2211;F;00:27:27;1647;4,42
2212;F;00:27:28;1648;4,41
2213;F;00:27:29;1649;4,4
2214;F;00:27:30;1650;4,39
2215;F;00:27:31;1651;4,38
2216;F;00:27:32;1652;4,37
2217;F;00:27:33;1653;4,36
2218;F;00:27:34;1654;4,35
2219;F;00:27:35;1655;4,34
2220;F;00:27:36;1656;4,33
2221;F;00:27:37;1657;4,32
2222;F;00:27:38;1658;4,31
2223;F;00:27:39;1659;4,3
2224;F;00:27:40;1660;4,29
2225;F;00:27:41;1661;4,28
2226;F;00:27:42;1662;4,27
2227;F;00:27:43;1663;4,26
2228;F;00:27:44;1664;4,25
2229;F;00:27:45;1665;4,24
2230;F;00:27:46;1666;4,23
2231;F;00:27:47;1667;4,22
2232;F;00:27:48;1668;4,21
2233;F;00:27:49;1669;4,2
2234;F;00:27:50;1670;4,19
2235;F;00:27:51;1671;4,18
2236;F;00:27:52;1672;4,17
2237;F;00:27:53;1673;4,16
2238;F;00:27:54;1674;4,15
2239;F;00:27:55;1675;4,14
2240;F;00:27:56;1676;4,13
2241;F;00:27:57;1677;4,12
2242;F;00:27:58;1678;4,11
2243;F;00:27:59;1679;4,1
2244;F;00:28:00;1680;4,09
2245;F;00:28:01;1681;4,08
2246;F;00:28:02;1682;4,07
2247;F;00:28:03;1683;4,06
2248;F;00:28:04;1684;4,05
2249;F;00:28:05;1685;4,04
2250;F;00:28:06;1686;4,03
2251;F;00:28:07;1687;4,02
2252;F;00:28:08;1688;4,01
2253;F;00:28:09;1689;4
2254;F;00:28:10;1690;3,99
2255;F;00:28:11;1691;3,98
2256;F;00:28:12;1692;3,97
2257;F;00:28:13;1693;3,96
2258;F;00:28:14;1694;3,95
2259;F;00:28:15;1695;3,94
2260;F;00:28:16;1696;3,93
2261;F;00:28:17;1697;3,92
2262;F;00:28:18;1698;3,91
2263;F;00:28:19;1699;3,9
2264;F;00:28:20;1700;3,89
2265;F;00:28:21;1701;3,88
2266;F;00:28:22;1702;3,87
2267;F;00:28:23;1703;3,86
2268;F;00:28:24;1704;3,85
2269;F;00:28:25;1705;3,84
2270;F;00:28:26;1706;3,83
2271;F;00:28:27;1707;3,82
2272;F;00:28:28;1708;3,81
2273;F;00:28:29;1709;3,8
2274;F;00:28:30;1710;3,79
2275;F;00:28:31;1711;3,78
2276;F;00:28:32;1712;3,77
2277;F;00:28:33;1713;3,76
2278;F;00:28:34;1714;3,75
2279;F;00:28:35;1715;3,74
2280;F;00:28:36;1716;3,73
2281;F;00:28:37;1717;3,72
2282;F;00:28:38;1718;3,71
2283;F;00:28:39;1719;3,7
2284;F;00:28:40;1720;3,69
2285;F;00:28:41;1721;3,68
2286;F;00:28:42;1722;3,67
2287;F;00:28:43;1723;3,66
2288;F;00:28:44;1724;3,65
2289;F;00:28:45;1725;3,64
2290;F;00:28:46;1726;3,63
2291;F;00:28:47;1727;3,62
2292;F;00:28:48;1728;3,61
2293;F;00:28:49;1729;3,6
2294;F;00:28:50;1730;3,59
2295;F;00:28:51;1731;3,58
2296;F;00:28:52;1732;3,57
2297;F;00:28:53;1733;3,56
2298;F;00:28:54;1734;3,55
2299;F;00:28:55;1735;3,54
2300;F;00:28:56;1736;3,53
2301;F;00:28:57;1737;3,52
2302;F;00:28:58;1738;3,51
2303;F;00:28:59;1739;3,5
2304;F;00:29:00;1740;3,49
2305;F;00:29:01;1741;3,48
2306;F;00:29:02;1742;3,47
2307;F;00:29:03;1743;3,46
2308;F;00:29:04;1744;3,45
2309;F;00:29:05;1745;3,44
2310;F;00:29:06;1746;3,43
2311;F;00:29:07;1747;3,42
2312;F;00:29:08;1748;3,41
2313;F;00:29:09;1749;3,4
2314;F;00:29:10;1750;3,39
2315;F;00:29:11;1751;3,38
2316;F;00:29:12;1752;3,37
2317;F;00:29:13;1753;3,36
2318;F;00:29:14;1754;3,35
2319;F;00:29:15;1755;3,34
2320;F;00:29:16;1756;3,33
2321;F;00:29:17;1757;3,32
2322;F;00:29:18;1758;3,31
2323;F;00:29:19;1759;3,3
2324;F;00:29:20;1760;3,29
2325;F;00:29:21;1761;3,28
2326;F;00:29:22;1762;3,27
2327;F;00:29:23;1763;3,26
2328;F;00:29:24;1764;3,25
2329;F;00:29:25;1765;3,24
2330;F;00:29:26;1766;3,23
2331;F;00:29:27;1767;3,22
2332;F;00:29:28;1768;3,21
2333;F;00:29:29;1769;3,2
2334;F;00:29:30;1770;3,19
2335;F;00:29:31;1771;3,18
2336;F;00:29:32;1772;3,17
2337;F;00:29:33;1773;3,16
2338;F;00:29:34;1774;3,15
2339;F;00:29:35;1775;3,14
2340;F;00:29:36;1776;3,13
2341;F;00:29:37;1777;3,12
2342;F;00:29:38;1778;3,11
2343;F;00:29:39;1779;3,1
2344;F;00:29:40;1780;3,09
2345;F;00:29:41;1781;3,08
2346;F;00:29:42;1782;3,07
2347;F;00:29:43;1783;3,06
2348;F;00:29:44;1784;3,05
2349;F;00:29:45;1785;3,04
2350;F;00:29:46;1786;3,03
2351;F;00:29:47;1787;3,02
2352;F;00:29:48;1788;3,01
2353;F;00:29:49;1789;3
2354;F;00:29:50;1790;2,99
2355;F;00:29:51;1791;2,98
2356;F;00:29:52;1792;2,97
2357;F;00:29:53;1793;2,96
2358;F;00:29:54;1794;2,95
2359;F;00:29:55;1795;2,94
2360;F;00:29:56;1796;2,93
2361;F;00:29:57;1797;2,92
2362;F;00:29:58;1798;2,91
2363;F;00:29:59;1799;2,9
2364;F;00:30:00;1800;2,89
2365;F;00:30:01;1801;2,88
2366;F;00:30:02;1802;2,87
2367;F;00:30:03;1803;2,86
2368;F;00:30:04;1804;2,85
2369;F;00:30:05;1805;2,84
2370;F;00:30:06;1806;2,83
2371;F;00:30:07;1807;2,82
2372;F;00:30:08;1808;2,81
2373;F;00:30:09;1809;2,8
2374;F;00:30:10;1810;2,79
2375;F;00:30:11;1811;2,78
2376;F;00:30:12;1812;2,77
2377;F;00:30:13;1813;2,76
2378;F;00:30:14;1814;2,75
2379;F;00:30:15;1815;2,74
2380;F;00:30:16;1816;2,73
2381;F;00:30:17;1817;2,72
2382;F;00:30:18;1818;2,71
2383;F;00:30:19;1819;2,7
2384;F;00:30:20;1820;2,69
2385;F;00:30:21;1821;2,68
2386;F;00:30:22;1822;2,67
2387;F;00:30:23;1823;2,66
2388;F;00:30:24;1824;2,65
2389;F;00:30:25;1825;2,64
2390;F;00:30:26;1826;2,63
2391;F;00:30:27;1827;2,62
2392;F;00:30:28;1828;2,61
2393;F;00:30:29;1829;2,6
2394;F;00:30:30;1830;2,59
2395;F;00:30:31;1831;2,58
2396;F;00:30:32;1832;2,57
2397;F;00:30:33;1833;2,56
2398;F;00:30:34;1834;2,55
2399;F;00:30:35;1835;2,54
2400;F;00:30:36;1836;2,53
2401;F;00:30:37;1837;2,52
2402;F;00:30:38;1838;2,51
2403;F;00:30:39;1839;2,5
2404;F;00:30:40;1840;2,49
2405;F;00:30:41;1841;2,48
2406;F;00:30:42;1842;2,47
2407;F;00:30:43;1843;2,46
2408;F;00:30:44;1844;2,45
2409;F;00:30:45;1845;2,44
2410;F;00:30:46;1846;2,43
2411;F;00:30:47;1847;2,42
2412;F;00:30:48;1848;2,41
2413;F;00:30:49;1849;2,4
2414;F;00:30:50;1850;2,39
2415;F;00:30:51;1851;2,38
2416;F;00:30:52;1852;2,37
2417;F;00:30:53;1853;2,36
2418;F;00:30:54;1854;2,35
2419;F;00:30:55;1855;2,34
2420;F;00:30:56;1856;2,33
2421;F;00:30:57;1857;2,32
2422;F;00:30:58;1858;2,31
2423;F;00:30:59;1859;2,3
2424;F;00:31:00;1860;2,29
2425;F;00:31:01;1861;2,28
2426;F;00:31:02;1862;2,27
2427;F;00:31:03;1863;2,26
2428;F;00:31:04;1864;2,25
2429;F;00:31:05;1865;2,24
2430;F;00:31:06;1866;2,23
2431;F;00:31:07;1867;2,22
2432;F;00:31:08;1868;2,21
2433;F;00:31:09;1869;2,2
2434;F;00:31:10;1870;2,19
2435;F;00:31:11;1871;2,18
2436;F;00:31:12;1872;2,17
2437;F;00:31:13;1873;2,16
2438;F;00:31:14;1874;2,15
2439;F;00:31:15;1875;2,14
2440;F;00:31:16;1876;2,13
2441;F;00:31:17;1877;2,12
2442;F;00:31:18;1878;2,11
2443;F;00:31:19;1879;2,1
2444;F;00:31:20;1880;2,09
2445;F;00:31:21;1881;2,08
2446;F;00:31:22;1882;2,07
2447;F;00:31:23;1883;2,06
2448;F;00:31:24;1884;2,05
2449;F;00:31:25;1885;2,04
2450;F;00:31:26;1886;2,03
2451;F;00:31:27;1887;2,02
2452;F;00:31:28;1888;2,01
2453;F;00:31:29;1889;2
2454;F;00:31:30;1890;1,99
2455;F;00:31:31;1891;1,98
2456;F;00:31:32;1892;1,97
2457;F;00:31:33;1893;1,96
2458;F;00:31:34;1894;1,95
2459;F;00:31:35;1895;1,94
2460;F;00:31:36;1896;1,93
2461;F;00:31:37;1897;1,92
2462;F;00:31:38;1898;1,91
2463;F;00:31:39;1899;1,9
2464;F;00:31:40;1900;1,89
2465;F;00:31:41;1901;1,88
2466;F;00:31:42;1902;1,87
2467;F;00:31:43;1903;1,86
2468;F;00:31:44;1904;1,85
2469;F;00:31:45;1905;1,84
2470;F;00:31:46;1906;1,83
2471;F;00:31:47;1907;1,82
2472;F;00:31:48;1908;1,81
2473;F;00:31:49;1909;1,8
2474;F;00:31:50;1910;1,79
2475;F;00:31:51;1911;1,78
2476;F;00:31:52;1912;1,77
2477;F;00:31:53;1913;1,76
2478;F;00:31:54;1914;1,75
2479;F;00:31:55;1915;1,74
2480;F;00:31:56;1916;1,73
2481;F;00:31:57;1917;1,72
2482;F;00:31:58;1918;1,71
2483;F;00:31:59;1919;1,7
2484;F;00:32:00;1920;1,69
2485;F;00:32:01;1921;1,68
2486;F;00:32:02;1922;1,67
2487;F;00:32:03;1923;1,66
2488;F;00:32:04;1924;1,65
2489;F;00:32:05;1925;1,64
2490;F;00:32:06;1926;1,63
2491;F;00:32:07;1927;1,62
2492;F;00:32:08;1928;1,61
2493;F;00:32:09;1929;1,6
2494;F;00:32:10;1930;1,59
2495;F;00:32:11;1931;1,58
2496;F;00:32:12;1932;1,57
2497;F;00:32:13;1933;1,56
2498;F;00:32:14;1934;1,55
2499;F;00:32:15;1935;1,54
2500;F;00:32:16;1936;1,53
2501;F;00:32:17;1937;1,52
2502;F;00:32:18;1938;1,51
2503;F;00:32:19;1939;1,5
2504;F;00:32:20;1940;1,49
2505;F;00:32:21;1941;1,48
2506;F;00:32:22;1942;1,47
2507;F;00:32:23;1943;1,46
2508;F;00:32:24;1944;1,45
2509;F;00:32:25;1945;1,44
2510;F;00:32:26;1946;1,43
2511;F;00:32:27;1947;1,42
2512;F;00:32:28;1948;1,41
2513;F;00:32:29;1949;1,4
2514;F;00:32:30;1950;1,39
2515;F;00:32:31;1951;1,38
2516;F;00:32:32;1952;1,37
2517;F;00:32:33;1953;1,36
2518;F;00:32:34;1954;1,35
2519;F;00:32:35;1955;1,34
2520;F;00:32:36;1956;1,33
2521;F;00:32:37;1957;1,32
2522;F;00:32:38;1958;1,31
2523;F;00:32:39;1959;1,3
2524;F;00:32:40;1960;1,29
2525;F;00:32:41;1961;1,28
2526;F;00:32:42;1962;1,27
2527;F;00:32:43;1963;1,26
2528;F;00:32:44;1964;1,25
2529;F;00:32:45;1965;1,24
2530;F;00:32:46;1966;1,23
2531;F;00:32:47;1967;1,22
2532;F;00:32:48;1968;1,21
2533;F;00:32:49;1969;1,2
2534;F;00:32:50;1970;1,19
2535;F;00:32:51;1971;1,18
2536;F;00:32:52;1972;1,17
2537;F;00:32:53;1973;1,16
2538;F;00:32:54;1974;1,15
2539;F;00:32:55;1975;1,14
2540;F;00:32:56;1976;1,13
2541;F;00:32:57;1977;1,12
2542;F;00:32:58;1978;1,11
2543;F;00:32:59;1979;1,1
2544;F;00:33:00;1980;1,09
2545;F;00:33:01;1981;1,08
2546;F;00:33:02;1982;1,07
2547;F;00:33:03;1983;1,06
2548;F;00:33:04;1984;1,05
2549;F;00:33:05;1985;1,04
2550;F;00:33:06;1986;1,03
2551;F;00:33:07;1987;1,02
2552;F;00:33:08;1988;1,01
2553;F;00:33:09;1989;1
2554;F;00:33:10;1990;0,99
2555;F;00:33:11;1991;0,98
2556;F;00:33:12;1992;0,97
2557;F;00:33:13;1993;0,96
2558;F;00:33:14;1994;0,95
2559;F;00:33:15;1995;0,94
2560;F;00:33:16;1996;0,93
2561;F;00:33:17;1997;0,92
2562;F;00:33:18;1998;0,91
2563;F;00:33:19;1999;0,9
2564;F;00:33:20;2000;0,89
2565;F;00:33:21;2001;0,88
2566;F;00:33:22;2002;0,87
2567;F;00:33:23;2003;0,86
2568;F;00:33:24;2004;0,85
2569;F;00:33:25;2005;0,84
2570;F;00:33:26;2006;0,83
2571;F;00:33:27;2007;0,82
2572;F;00:33:28;2008;0,81
2573;F;00:33:29;2009;0,8
2574;F;00:33:30;2010;0,79
2575;F;00:33:31;2011;0,78
2576;F;00:33:32;2012;0,77
2577;F;00:33:33;2013;0,76
2578;F;00:33:34;2014;0,75
2579;F;00:33:35;2015;0,74
2580;F;00:33:36;2016;0,73
2581;F;00:33:37;2017;0,72
2582;F;00:33:38;2018;0,71
2583;F;00:33:39;2019;0,7
2584;F;00:33:40;2020;0,69
2585;F;00:33:41;2021;0,68
2586;F;00:33:42;2022;0,67
2587;F;00:33:43;2023;0,66
2588;F;00:33:44;2024;0,65
2589;F;00:33:45;2025;0,64
2590;F;00:33:46;2026;0,63
2591;F;00:33:47;2027;0,62
2592;F;00:33:48;2028;0,61
2593;F;00:33:49;2029;0,6
2594;F;00:33:50;2030;0,59
2595;F;00:33:51;2031;0,58
2596;F;00:33:52;2032;0,57
2597;F;00:33:53;2033;0,56
2598;F;00:33:54;2034;0,55
2599;F;00:33:55;2035;0,54
2600;F;00:33:56;2036;0,53
2601;F;00:33:57;2037;0,52
2602;F;00:33:58;2038;0,51
2603;F;00:33:59;2039;0,5
2604;F;00:34:00;2040;0,49
2605;F;00:34:01;2041;0,48
2606;F;00:34:02;2042;0,47
2607;F;00:34:03;2043;0,46
2608;F;00:34:04;2044;0,45
2609;F;00:34:05;2045;0,44
2610;F;00:34:06;2046;0,43
2611;F;00:34:07;2047;0,42
2612;F;00:34:08;2048;0,41
2613;F;00:34:09;2049;0,4
2614;F;00:34:10;2050;0,39
2615;F;00:34:11;2051;0,38
2616;F;00:34:12;2052;0,37
2617;F;00:34:13;2053;0,36
2618;F;00:34:14;2054;0,35
2619;F;00:34:15;2055;0,34
2620;F;00:34:16;2056;0,33
2621;F;00:34:17;2057;0,32
2622;F;00:34:18;2058;0,31
2623;F;00:34:19;2059;0,3
2624;F;00:34:20;2060;0,29
2625;F;00:34:21;2061;0,28
2626;F;00:34:22;2062;0,27
2627;F;00:34:23;2063;0,26
2628;F;00:34:24;2064;0,25
2629;F;00:34:25;2065;0,24
2630;F;00:34:26;2066;0,23
2631;F;00:34:27;2067;0,22
2632;F;00:34:28;2068;0,21
2633;F;00:34:29;2069;0,2
2634;F;00:34:30;2070;0,19
2635;F;00:34:31;2071;0,18
2636;F;00:34:32;2072;0,17
2637;F;00:34:33;2073;0,16
2638;F;00:34:34;2074;0,15
2639;F;00:34:35;2075;0,14
2640;F;00:34:36;2076;0,13
2641;F;00:34:37;2077;0,12
2642;F;00:34:38;2078;0,11
2643;F;00:34:39;2079;0,1
2644;F;00:34:40;2080;0,09
2645;F;00:34:41;2081;0,08
2646;F;00:34:42;2082;0,07
2647;F;00:34:43;2083;0,06
2648;F;00:34:44;2084;0,05
2649;F;00:34:45;2085;0,04
2650;F;00:34:46;2086;0,03
2651;F;00:34:47;2087;0,02
2652;F;00:34:48;2088;0,01
2653;F;00:34:49;2089;0
