ID;Ano;Sexo;Abd_Rep;Abd_Nota
1;1;M;19;0
2;1;M;20;1,6
3;1;M;21;1,9
4;1;M;22;2,2
5;1;M;23;2,5
6;1;M;24;2,8
7;1;M;25;3,1
8;1;M;26;3,4
9;1;M;27;3,7
10;1;M;28;4
11;1;M;29;4,3
12;1;M;30;4,6
13;1;M;31;4,9
14;1;M;32;5,2
15;1;M;33;5,5
16;1;M;34;5,8
17;1;M;35;6,1
18;1;M;36;6,4
19;1;M;37;6,7
20;1;M;38;7
21;1;M;39;7,3
22;1;M;40;7,6
23;1;M;41;7,9
24;1;M;42;8,2
25;1;M;43;8,5
26;1;M;44;8,8
27;1;M;45;9,1
28;1;M;46;9,4
29;1;M;47;9,7
30;1;M;48;10
31;1;M;49;10,3
32;1;M;50;10,6
33;1;M;51;10,9
34;1;M;52;11,2
35;1;M;53;11,4
36;1;M;54;11,6
37;1;M;55;11,8
38;1;M;56;12
39;1;M;57;12,2
40;1;M;58;12,4
41;1;M;59;12,6
42;1;M;60;12,8
43;1;M;61;13
44;1;M;62;13,2
45;1;M;63;13,4
46;1;M;64;13,6
47;1;M;65;13,8
48;1;M;66;14
49;1;M;67;14,2
50;1;M;68;14,4
51;1;M;69;14,6
52;1;M;70;14,8
53;1;M;71;15
54;1;M;72;15,2
55;1;M;73;15,4
56;1;M;74;15,6
57;1;M;75;15,8
58;1;M;76;16
59;1;M;77;16,2
60;1;M;78;16,4
61;1;M;79;16,6
62;1;M;80;16,8
63;1;M;81;17
64;1;M;82;17,2
65;1;M;83;17,4
66;1;M;84;17,6
67;1;M;85;17,8
68;1;M;86;18
69;1;M;87;18,2
70;1;M;88;18,4
71;1;M;89;18,6
72;1;M;90;18,8
73;1;M;91;19
74;1;M;92;19,2
75;1;M;93;19,4
76;1;M;94;19,6
77;1;M;95;19,8
78;1;M;96;20
79;1;F;19;0
80;1;F;20;1,6
81;1;F;21;1,9
82;1;F;22;2,2
83;1;F;23;2,5
84;1;F;24;2,8
85;1;F;25;3,1
86;1;F;26;3,4
87;1;F;27;3,7
88;1;F;28;4
89;1;F;29;4,3
90;1;F;30;4,6
91;1;F;31;4,9
92;1;F;32;5,2
93;1;F;33;5,5
94;1;F;34;5,8
95;1;F;35;6,1
96;1;F;36;6,4
97;1;F;37;6,7
98;1;F;38;7
99;1;F;39;7,3
100;1;F;40;7,6
101;1;F;41;7,9
102;1;F;42;8,2
103;1;F;43;8,5
104;1;F;44;8,8
105;1;F;45;9,1
106;1;F;46;9,4
107;1;F;47;9,7
108;1;F;48;10
109;1;F;49;10,3
110;1;F;50;10,6
111;1;F;51;10,9
112;1;F;52;11,2
113;1;F;53;11,4
114;1;F;54;11,6
115;1;F;55;11,8
116;1;F;56;12
117;1;F;57;12,2
118;1;F;58;12,4
119;1;F;59;12,6
120;1;F;60;12,8
121;1;F;61;13
122;1;F;62;13,2
123;1;F;63;13,4
124;1;F;64;13,6
125;1;F;65;13,8
126;1;F;66;14
127;1;F;67;14,2
128;1;F;68;14,4
129;1;F;69;14,6
130;1;F;70;14,8
131;1;F;71;15
132;1;F;72;15,2
133;1;F;73;15,4
134;1;F;74;15,6
135;1;F;75;15,8
136;1;F;76;16
137;1;F;77;16,2
138;1;F;78;16,4
139;1;F;79;16,6
140;1;F;80;16,8
141;1;F;81;17
142;1;F;82;17,2
143;1;F;83;17,4
144;1;F;84;17,6
145;1;F;85;17,8
146;1;F;86;18
147;1;F;87;18,2
148;1;F;88;18,4
149;1;F;89;18,6
150;1;F;90;18,8
151;1;F;91;19
152;1;F;92;19,2
153;1;F;93;19,4
154;1;F;94;19,6
155;1;F;95;19,8
156;1;F;96;20
157;2;M;19;0
158;2;M;20;1,2
159;2;M;21;1,5
160;2;M;22;1,8
161;2;M;23;2,1
162;2;M;24;2,4
163;2;M;25;2,7
164;2;M;26;3
165;2;M;27;3,3
166;2;M;28;3,6
167;2;M;29;3,9
168;2;M;30;4,2
169;2;M;31;4,5
170;2;M;32;4,8
171;2;M;33;5,1
172;2;M;34;5,4
173;2;M;35;5,7
174;2;M;36;6
175;2;M;37;6,3
176;2;M;38;6,6
177;2;M;39;6,9
178;2;M;40;7,2
179;2;M;41;7,5
180;2;M;42;7,8
181;2;M;43;8,1
182;2;M;44;8,4
183;2;M;45;8,7
184;2;M;46;9
185;2;M;47;9,3
186;2;M;48;9,6
187;2;M;49;9,9
188;2;M;50;10,2
189;2;M;51;10,5
190;2;M;52;10,8
191;2;M;53;11
192;2;M;54;11,2
193;2;M;55;11,4
194;2;M;56;11,6
195;2;M;57;11,8
196;2;M;58;12
197;2;M;59;12,2
198;2;M;60;12,4
199;2;M;61;12,6
200;2;M;62;12,8
201;2;M;63;13
202;2;M;64;13,2
203;2;M;65;13,4
204;2;M;66;13,6
205;2;M;67;13,8
206;2;M;68;14
207;2;M;69;14,2
208;2;M;70;14,4
209;2;M;71;14,6
210;2;M;72;14,8
211;2;M;73;15
212;2;M;74;15,2
213;2;M;75;15,4
214;2;M;76;15,6
215;2;M;77;15,8
216;2;M;78;16
217;2;M;79;16,2
218;2;M;80;16,4
219;2;M;81;16,6
220;2;M;82;16,8
221;2;M;83;17
222;2;M;84;17,2
223;2;M;85;17,4
224;2;M;86;17,6
225;2;M;87;17,8
226;2;M;88;18
227;2;M;89;18,2
228;2;M;90;18,4
229;2;M;91;18,6
230;2;M;92;18,8
231;2;M;93;19
232;2;M;94;19,2
233;2;M;95;19,4
234;2;M;96;19,6
235;2;M;97;19,8
236;2;M;98;20
237;2;F;19;0
238;2;F;20;1,2
239;2;F;21;1,5
240;2;F;22;1,8
241;2;F;23;2,1
242;2;F;24;2,4
243;2;F;25;2,7
244;2;F;26;3
245;2;F;27;3,3
246;2;F;28;3,6
247;2;F;29;3,9
248;2;F;30;4,2
249;2;F;31;4,5
250;2;F;32;4,8
251;2;F;33;5,1
252;2;F;34;5,4
253;2;F;35;5,7
254;2;F;36;6
255;2;F;37;6,3
256;2;F;38;6,6
257;2;F;39;6,9
258;2;F;40;7,2
259;2;F;41;7,5
260;2;F;42;7,8
261;2;F;43;8,1
262;2;F;44;8,4
263;2;F;45;8,7
264;2;F;46;9
265;2;F;47;9,3
266;2;F;48;9,6
267;2;F;49;9,9
268;2;F;50;10,2
269;2;F;51;10,5
270;2;F;52;10,8
271;2;F;53;11
272;2;F;54;11,2
273;2;F;55;11,4
274;2;F;56;11,6
275;2;F;57;11,8
276;2;F;58;12
277;2;F;59;12,2
278;2;F;60;12,4
279;2;F;61;12,6
280;2;F;62;12,8
281;2;F;63;13
282;2;F;64;13,2
283;2;F;65;13,4
284;2;F;66;13,6
285;2;F;67;13,8
286;2;F;68;14
287;2;F;69;14,2
288;2;F;70;14,4
289;2;F;71;14,6
290;2;F;72;14,8
291;2;F;73;15
292;2;F;74;15,2
293;2;F;75;15,4
294;2;F;76;15,6
295;2;F;77;15,8
296;2;F;78;16
297;2;F;79;16,2
298;2;F;80;16,4
299;2;F;81;16,6
300;2;F;82;16,8
301;2;F;83;17
302;2;F;84;17,2
303;2;F;85;17,4
304;2;F;86;17,6
305;2;F;87;17,8
306;2;F;88;18
307;2;F;89;18,2
308;2;F;90;18,4
309;2;F;91;18,6
310;2;F;92;18,8
311;2;F;93;19
312;2;F;94;19,2
313;2;F;95;19,4
314;2;F;96;19,6
315;2;F;97;19,8
316;2;F;98;20
317;2;F;99;20
318;2;F;100;20
319;3;M;0;0
320;3;M;1;0
321;3;M;2;0
322;3;M;3;0
323;3;M;4;0
324;3;M;5;0
325;3;M;6;0
326;3;M;7;0
327;3;M;8;0
328;3;M;9;0
329;3;M;10;0
330;3;M;11;0
331;3;M;12;0
332;3;M;13;0
333;3;M;14;0
334;3;M;15;0
335;3;M;16;0
336;3;M;17;0
337;3;M;18;0
338;3;M;19;0
339;3;M;20;0,8
340;3;M;21;1,1
341;3;M;22;1,4
342;3;M;23;1,7
343;3;M;24;2
344;3;M;25;2,3
345;3;M;26;2,6
346;3;M;27;2,9
347;3;M;28;3,2
348;3;M;29;3,5
349;3;M;30;3,8
350;3;M;31;4,1
351;3;M;32;4,4
352;3;M;33;4,7
353;3;M;34;5
354;3;M;35;5,3
355;3;M;36;5,6
356;3;M;37;5,9
357;3;M;38;6,2
358;3;M;39;6,5
359;3;M;40;6,8
360;3;M;41;7,1
361;3;M;42;7,4
362;3;M;43;7,7
363;3;M;44;8
364;3;M;45;8,3
365;3;M;46;8,6
366;3;M;47;8,9
367;3;M;48;9,2
368;3;M;49;9,5
369;3;M;50;9,8
370;3;M;51;10,1
371;3;M;52;10,4
372;3;M;53;10,6
373;3;M;54;10,8
374;3;M;55;11
375;3;M;56;11,2
376;3;M;57;11,4
377;3;M;58;11,6
378;3;M;59;11,8
379;3;M;60;12
380;3;M;61;12,2
381;3;M;62;12,4
382;3;M;63;12,6
383;3;M;64;12,8
384;3;M;65;13
385;3;M;66;13,2
386;3;M;67;13,4
387;3;M;68;13,6
388;3;M;69;13,8
389;3;M;70;14
390;3;M;71;14,2
391;3;M;72;14,4
392;3;M;73;14,6
393;3;M;74;14,8
394;3;M;75;15
395;3;M;76;15,2
396;3;M;77;15,4
397;3;M;78;15,6
398;3;M;79;15,8
399;3;M;80;16
400;3;M;81;16,2
401;3;M;82;16,4
402;3;M;83;16,6
403;3;M;84;16,8
404;3;M;85;17
405;3;M;86;17,2
406;3;M;87;17,4
407;3;M;88;17,6
408;3;M;89;17,8
409;3;M;90;18
410;3;M;91;18,2
411;3;M;92;18,4
412;3;M;93;18,6
413;3;M;94;18,8
414;3;M;95;19
415;3;M;96;19,2
416;3;M;97;19,4
417;3;M;98;19,6
418;3;M;99;19,8
419;3;M;100;20
420;3;F;0;0
421;3;F;1;0
422;3;F;2;0
423;3;F;3;0
424;3;F;4;0
425;3;F;5;0
426;3;F;6;0
427;3;F;7;0
428;3;F;8;0
429;3;F;9;0
430;3;F;10;0
431;3;F;11;0
432;3;F;12;0
433;3;F;13;0
434;3;F;14;0
435;3;F;15;0
436;3;F;16;0
437;3;F;17;0
438;3;F;18;0
439;3;F;19;0
440;3;F;20;0,8
441;3;F;21;1,1
442;3;F;22;1,4
443;3;F;23;1,7
444;3;F;24;2
445;3;F;25;2,3
446;3;F;26;2,6
447;3;F;27;2,9
448;3;F;28;3,2
449;3;F;29;3,5
450;3;F;30;3,8
451;3;F;31;4,1
452;3;F;32;4,4
453;3;F;33;4,7
454;3;F;34;5
455;3;F;35;5,3
456;3;F;36;5,6
457;3;F;37;5,9
458;3;F;38;6,2
459;3;F;39;6,5
460;3;F;40;6,8
461;3;F;41;7,1
462;3;F;42;7,4
463;3;F;43;7,7
464;3;F;44;8
465;3;F;45;8,3
466;3;F;46;8,6
467;3;F;47;8,9
468;3;F;48;9,2
469;3;F;49;9,5
470;3;F;50;9,8
471;3;F;51;10,1
472;3;F;52;10,4
473;3;F;53;10,6
474;3;F;54;10,8
475;3;F;55;11
476;3;F;56;11,2
477;3;F;57;11,4
478;3;F;58;11,6
479;3;F;59;11,8
480;3;F;60;12
481;3;F;61;12,2
482;3;F;62;12,4
483;3;F;63;12,6
484;3;F;64;12,8
485;3;F;65;13
486;3;F;66;13,2
487;3;F;67;13,4
488;3;F;68;13,6
489;3;F;69;13,8
490;3;F;70;14
491;3;F;71;14,2
492;3;F;72;14,4
493;3;F;73;14,6
494;3;F;74;14,8
495;3;F;75;15
496;3;F;76;15,2
497;3;F;77;15,4
498;3;F;78;15,6
499;3;F;79;15,8
500;3;F;80;16
501;3;F;81;16,2
502;3;F;82;16,4
503;3;F;83;16,6
504;3;F;84;16,8
505;3;F;85;17
506;3;F;86;17,2
507;3;F;87;17,4
508;3;F;88;17,6
509;3;F;89;17,8
510;3;F;90;18
511;3;F;91;18,2
512;3;F;92;18,4
513;3;F;93;18,6
514;3;F;94;18,8
515;3;F;95;19
516;3;F;96;19,2
517;3;F;97;19,4
518;3;F;98;19,6
519;3;F;99;19,8
520;3;F;100;20
521;4;M;18;0
522;4;M;19;0
523;4;M;20;0,4
524;4;M;21;0,7
525;4;M;22;1
526;4;M;23;1,3
527;4;M;24;1,6
528;4;M;25;1,9
529;4;M;26;2,2
530;4;M;27;2,5
531;4;M;28;2,8
532;4;M;29;3,1
533;4;M;30;3,4
534;4;M;31;3,7
535;4;M;32;4
536;4;M;33;4,3
537;4;M;34;4,6
538;4;M;35;4,9
539;4;M;36;5,2
540;4;M;37;5,5
541;4;M;38;5,8
542;4;M;39;6,1
543;4;M;40;6,4
544;4;M;41;6,7
545;4;M;42;7
546;4;M;43;7,3
547;4;M;44;7,6
548;4;M;45;7,9
549;4;M;46;8,2
550;4;M;47;8,5
551;4;M;48;8,8
552;4;M;49;9,1
553;4;M;50;9,4
554;4;M;51;9,7
555;4;M;52;10
556;4;M;53;10,2
557;4;M;54;10,4
558;4;M;55;10,6
559;4;M;56;10,8
560;4;M;57;11
561;4;M;58;11,2
562;4;M;59;11,4
563;4;M;60;11,6
564;4;M;61;11,8
565;4;M;62;12
566;4;M;63;12,2
567;4;M;64;12,4
568;4;M;65;12,6
569;4;M;66;12,8
570;4;M;67;13
571;4;M;68;13,2
572;4;M;69;13,4
573;4;M;70;13,6
574;4;M;71;13,8
575;4;M;72;14
576;4;M;73;14,2
577;4;M;74;14,4
578;4;M;75;14,6
579;4;M;76;14,8
580;4;M;77;15
581;4;M;78;15,2
582;4;M;79;15,4
583;4;M;80;15,6
584;4;M;81;15,8
585;4;M;82;16
586;4;M;83;16,2
587;4;M;84;16,4
588;4;M;85;16,6
589;4;M;86;16,8
590;4;M;87;17
591;4;M;88;17,2
592;4;M;89;17,4
593;4;M;90;17,6
594;4;M;91;17,8
595;4;M;92;18
596;4;M;93;18,2
597;4;M;94;18,4
598;4;M;95;18,6
599;4;M;96;18,8
600;4;M;97;19
601;4;M;98;19,2
602;4;M;99;19,4
603;4;M;100;19,6
604;4;M;101;19,8
605;4;M;102;20
606;4;F;18;0
607;4;F;19;0
608;4;F;20;0,4
609;4;F;21;0,7
610;4;F;22;1
611;4;F;23;1,3
612;4;F;24;1,6
613;4;F;25;1,9
614;4;F;26;2,2
615;4;F;27;2,5
616;4;F;28;2,8
617;4;F;29;3,1
618;4;F;30;3,4
619;4;F;31;3,7
620;4;F;32;4
621;4;F;33;4,3
622;4;F;34;4,6
623;4;F;35;4,9
624;4;F;36;5,2
625;4;F;37;5,5
626;4;F;38;5,8
627;4;F;39;6,1
628;4;F;40;6,4
629;4;F;41;6,7
630;4;F;42;7
631;4;F;43;7,3
632;4;F;44;7,6
633;4;F;45;7,9
634;4;F;46;8,2
635;4;F;47;8,5
636;4;F;48;8,8
637;4;F;49;9,1
638;4;F;50;9,4
639;4;F;51;9,7
640;4;F;52;10
641;4;F;53;10,2
642;4;F;54;10,4
643;4;F;55;10,6
644;4;F;56;10,8
645;4;F;57;11
646;4;F;58;11,2
647;4;F;59;11,4
648;4;F;60;11,6
649;4;F;61;11,8
650;4;F;62;12
651;4;F;63;12,2
652;4;F;64;12,4
653;4;F;65;12,6
654;4;F;66;12,8
655;4;F;67;13
656;4;F;68;13,2
657;4;F;69;13,4
658;4;F;70;13,6
659;4;F;71;13,8
660;4;F;72;14
661;4;F;73;14,2
662;4;F;74;14,4
663;4;F;75;14,6
664;4;F;76;14,8
665;4;F;77;15
666;4;F;78;15,2
667;4;F;79;15,4
668;4;F;80;15,6
669;4;F;81;15,8
670;4;F;82;16
671;4;F;83;16,2
672;4;F;84;16,4
673;4;F;85;16,6
674;4;F;86;16,8
675;4;F;87;17
676;4;F;88;17,2
677;4;F;89;17,4
678;4;F;90;17,6
679;4;F;91;17,8
680;4;F;92;18
681;4;F;93;18,2
682;4;F;94;18,4
683;4;F;95;18,6
684;4;F;96;18,8
685;4;F;97;19
686;4;F;98;19,2
687;4;F;99;19,4
688;4;F;100;19,6
689;4;F;101;19,8
690;4;F;102;20